,url,subscribers_count
0,https://api.github.com/repos/apohl79/audiogridder,51.0
1,https://api.github.com/repos/suzumushi0/AudioQAM_binary,0.0
2,https://api.github.com/repos/Iunusov/ShoutVST,4.0
3,https://api.github.com/repos/davemollen/dm-GrainDelay,2.0
4,https://api.github.com/repos/Cyril-Meyer/BitDepthReducer,1.0
5,https://api.github.com/repos/lukemcraig/MusicalRingMod,2.0
6,https://api.github.com/repos/microsoft/vss-web-extension-sdk,59.0
7,https://api.github.com/repos/pierreguillot/Camomile,66.0
8,https://api.github.com/repos/marceloavf/github-tools-vsts,4.0
9,https://api.github.com/repos/SpotlightKid/cookiecutter-dpf-effect,3.0
10,https://api.github.com/repos/tomtom-international/azure-pipeline-templates,8.0
11,https://api.github.com/repos/gamingrobot/daw-out,2.0
12,https://api.github.com/repos/DamRsn/NeuralNote,25.0
13,https://api.github.com/repos/utokusa/BiquadLimiter,4.0
14,https://api.github.com/repos/ethomson/probot-azure-pipelines,2.0
15,https://api.github.com/repos/ClydeDz/cicd-docs,2.0
16,https://api.github.com/repos/studiorack/studiorack-core,2.0
17,https://api.github.com/repos/WrongPeople/JustRepeat,1.0
18,https://api.github.com/repos/MeijisIrlnd/mariana,1.0
19,https://api.github.com/repos/samuelebh/Magic-Chorus,1.0
20,https://api.github.com/repos/mariojuli/azonoAudio,1.0
21,https://api.github.com/repos/nkdAgility/azure-devops-migration-tools,30.0
22,https://api.github.com/repos/HoussemDellai/MvcAppWithDatabase,3.0
23,https://api.github.com/repos/morukutsu/ParisHarmony,2.0
24,https://api.github.com/repos/ostreifel/ping,2.0
25,https://api.github.com/repos/Chowdhury-DSP/CHOW,9.0
26,https://api.github.com/repos/WeirdConstructor/HexoSynth,11.0
27,https://api.github.com/repos/midilab/jc303,3.0
28,https://api.github.com/repos/hzdgopher/64klang,17.0
29,https://api.github.com/repos/xuan25/RXG100-RE,1.0
30,https://api.github.com/repos/thezhe/PLUG-QA,1.0
31,https://api.github.com/repos/LibreArp/LibreArp,0.0
32,https://api.github.com/repos/SpotlightKid/midiomatic,4.0
33,https://api.github.com/repos/dsp-re/suzirya,1.0
34,https://api.github.com/repos/twatanabe/core-angular-azure,1.0
35,https://api.github.com/repos/wufe/tfc,2.0
36,https://api.github.com/repos/petersendev/vsts-advanced-smoke,1.0
37,https://api.github.com/repos/MegaLoler/Nanceloid,3.0
38,https://api.github.com/repos/SoundDevelopment/sound_meter-example,2.0
39,https://api.github.com/repos/pac-dev/protoplug,26.0
40,https://api.github.com/repos/smallbutfine/GuitarAmpModellingGUI,2.0
41,https://api.github.com/repos/sdavis3/code-coverage-widgets,2.0
42,https://api.github.com/repos/amsynth/amsynth,21.0
43,https://api.github.com/repos/microsoft/vsts-extension-color-control,22.0
44,https://api.github.com/repos/POTR-Soft/Chord-Filter,2.0
45,https://api.github.com/repos/kasunkv/slack-notification,3.0
46,https://api.github.com/repos/SatyKrish/AzureStreamAnalytics-CICD,5.0
47,https://api.github.com/repos/plimble/ci-docker,3.0
48,https://api.github.com/repos/lucianoiam/castello,2.0
49,https://api.github.com/repos/SpotlightKid/dfzitarev1,3.0
50,https://api.github.com/repos/benmatselby/go-azuredevops,5.0
51,https://api.github.com/repos/centricular/gstreamer-vst3,6.0
52,https://api.github.com/repos/melezhik/sparrowdo-vsts-msbuild,3.0
53,https://api.github.com/repos/lukemcraig/DAFx19-Gamelanizer,3.0
54,https://api.github.com/repos/unevens/Overdraw,3.0
55,https://api.github.com/repos/studiorack/studiorack-registry,2.0
56,https://api.github.com/repos/Venzhyk/vsts-tasks,2.0
57,https://api.github.com/repos/jesnor/vst3-rs,2.0
58,https://api.github.com/repos/fedden/juceSynths,15.0
59,https://api.github.com/repos/elk-audio/mda-vst3,7.0
60,https://api.github.com/repos/liliantdn/music-resources,1.0
61,https://api.github.com/repos/suzumushi0/SoundObject_binary,1.0
62,https://api.github.com/repos/SimonZimmer/SEELE,2.0
63,https://api.github.com/repos/glissando-daw/glissando-daw,7.0
64,https://api.github.com/repos/mathieu-benoit/DevOpsOnAzureLab,4.0
65,https://api.github.com/repos/Do-sth-sharp/libDMDA,0.0
66,https://api.github.com/repos/olilarkin/iPlug2OnnxRuntime,3.0
67,https://api.github.com/repos/ddf/SpectralHarp,3.0
68,https://api.github.com/repos/RM-QAOps/CloneTests,0.0
69,https://api.github.com/repos/caitlyntetmeyer/classes-tutorials,2.0
70,https://api.github.com/repos/MarcusFelling/AWSS3Upload-VSTS-Extension,2.0
71,https://api.github.com/repos/iricigor/InstallModuleFromGit,2.0
72,https://api.github.com/repos/gidavies/DevOpsLab,1.0
73,https://api.github.com/repos/Celemony/ARA_SDK,15.0
74,https://api.github.com/repos/microsoft/azuredevopslabs,4910.0
75,https://api.github.com/repos/semantic-release/env-ci,7.0
76,https://api.github.com/repos/JamesJJ/vsts-agent-dockerized,1.0
77,https://api.github.com/repos/utokusa/OS-251,7.0
78,https://api.github.com/repos/lucianoiam/hiphop,4.0
79,https://api.github.com/repos/microsoft/azure-devops-python-samples,19.0
80,https://api.github.com/repos/khrykin/BlackFace,1.0
81,https://api.github.com/repos/fortify/gha-setup-bugtracker-utility,5.0
82,https://api.github.com/repos/fukuroder/bandlimited_sawtooth_synthesis,2.0
83,https://api.github.com/repos/miladnia/KeysVST,2.0
84,https://api.github.com/repos/helaili/vsts-octobot,1.0
85,https://api.github.com/repos/hansen-audio/gain-automation-plugin,3.0
86,https://api.github.com/repos/p4thie/esc,1.0
87,https://api.github.com/repos/chrisjmendez/elementary-audio-boilerplate,3.0
88,https://api.github.com/repos/robbert-vdh/diopser,8.0
89,https://api.github.com/repos/ziqingg2/ZQFM,1.0
90,https://api.github.com/repos/silver-yar/ap_sampler,1.0
91,https://api.github.com/repos/TsuyoshiUshio/KubernetesTask,6.0
92,https://api.github.com/repos/TyGuS/ssl-vst,2.0
93,https://api.github.com/repos/nberr/jackel,2.0
94,https://api.github.com/repos/mmajcica/win-rm-file-copy,3.0
95,https://api.github.com/repos/TaleTN/IPlugExample,1.0
96,https://api.github.com/repos/yuqquu/vvvf-synth,2.0
97,https://api.github.com/repos/FigBug/VirtualAnalog,5.0
98,https://api.github.com/repos/aabiryukov/TfsVisualHistory,4.0
99,https://api.github.com/repos/lequietriot/Prepared-Sample-Collections-Piano-Volume,2.0
100,https://api.github.com/repos/NOALVO/verdaccio-vsts,4.0
101,https://api.github.com/repos/DotNetDevOps/DotNetDevOps,2.0
102,https://api.github.com/repos/pfeeyatko/simple-eq,1.0
103,https://api.github.com/repos/stone-payments/vsts-task-nssmmanage,330.0
104,https://api.github.com/repos/flosstudio/flosstudio,2.0
105,https://api.github.com/repos/tfsaggregator/aggregator-cli,18.0
106,https://api.github.com/repos/wahyuen/dotnet-core-2.0-webapi-auth0,1.0
107,https://api.github.com/repos/hansen-audio/renegate-fx,2.0
108,https://api.github.com/repos/michaelwillis/dragonfly-reverb,32.0
109,https://api.github.com/repos/HoussemDellai/PerfectBody-DevOps,4.0
110,https://api.github.com/repos/thgrund/TidalVST,3.0
111,https://api.github.com/repos/Manu404/moonburst,2.0
112,https://api.github.com/repos/am4u/tfs2015theme,2.0
113,https://api.github.com/repos/satelllte/GainPlugin,1.0
114,https://api.github.com/repos/microsoft/vsts-extension-multivalue-control,24.0
115,https://api.github.com/repos/EmilianStankov/rvst,2.0
116,https://api.github.com/repos/martinstolz-ch/MidiPluginTemplate,1.0
117,https://api.github.com/repos/polyzium/project-corrosion,1.0
118,https://api.github.com/repos/mmomentum/dopplerjuce,1.0
119,https://api.github.com/repos/elk-audio/mda-vst2,5.0
120,https://api.github.com/repos/onlyutkarsh/VSTSStatusMonitorChrome,2.0
121,https://api.github.com/repos/MikeMorenoDSP/EP-MK1,5.0
122,https://api.github.com/repos/HoussemDellai/WebAppAndSqlDb,3.0
123,https://api.github.com/repos/brendaningram/linux-audio-setup-scripts,16.0
124,https://api.github.com/repos/sergree/matchering,38.0
125,https://api.github.com/repos/EchoInMirror/EIM,3.0
126,https://api.github.com/repos/igorski/regrader,10.0
127,https://api.github.com/repos/onlyutkarsh/ExportImportBuildDefinition,4.0
128,https://api.github.com/repos/hzdgopher/4klang,13.0
129,https://api.github.com/repos/xoofx/NPlug.Samples,4.0
130,https://api.github.com/repos/MyBlackMIDIScore/AmethystImperialGrand,1.0
131,https://api.github.com/repos/KDISim/CheckConsolidate,4.0
132,https://api.github.com/repos/uchidama/WhiteNoiseSynthPluginEx,2.0
133,https://api.github.com/repos/hsetlik/VectorSynth,1.0
134,https://api.github.com/repos/TobiasKozel/rektifier,1.0
135,https://api.github.com/repos/SoundDevelopment/sound_meter,1.0
136,https://api.github.com/repos/swesterfeld/spectmorph,6.0
137,https://api.github.com/repos/publicsamples/Peach,3.0
138,https://api.github.com/repos/isabelgk/juce-conan-cookiecutter,2.0
139,https://api.github.com/repos/Kaushal1011/S3_Smart_Sampling_Synthesiser,3.0
140,https://api.github.com/repos/LeCantaloop/Qwiq,23.0
141,https://api.github.com/repos/igorski/darvaza,3.0
142,https://api.github.com/repos/solidify/jira-azuredevops-migrator,17.0
143,https://api.github.com/repos/janne808/GoVST,3.0
144,https://api.github.com/repos/Wasted-Audio/wstd-eq,2.0
145,https://api.github.com/repos/SanJacobs/filmstripper,1.0
146,https://api.github.com/repos/klknn/synth2,6.0
147,https://api.github.com/repos/alxtim10/AngklungBeats,1.0
148,https://api.github.com/repos/Celemony/ARA_API,4.0
149,https://api.github.com/repos/Kasunjith-Bimal/Titan,3.0
150,https://api.github.com/repos/elk-audio/elk-docs,7.0
151,https://api.github.com/repos/dechamps/APO,4.0
152,https://api.github.com/repos/dazfuller/PyUnitTestTask,1.0
153,https://api.github.com/repos/mehmetseckin/azuredevops-powershell,2.0
154,https://api.github.com/repos/Kirby01/WaveShaper-VST3-Juce,1.0
155,https://api.github.com/repos/peterM/TFS-Iteration-Creator,1.0
156,https://api.github.com/repos/mehmetkut/amerikanhastanesi-devops-training,2.0
157,https://api.github.com/repos/dozius/DtBlkFx,8.0
158,https://api.github.com/repos/hanancs/FirstJuce,1.0
159,https://api.github.com/repos/julienstroheker/vsts-blync-notify,3.0
160,https://api.github.com/repos/elk-audio/faust-vst-template,3.0
161,https://api.github.com/repos/FilipeChagasDev/FClipper-plugin,1.0
162,https://api.github.com/repos/EngageSoftware/jscs-reporter-vso,4.0
163,https://api.github.com/repos/obiwanjacobi/vst.net,40.0
164,https://api.github.com/repos/fedden/RenderMan,15.0
165,https://api.github.com/repos/studiorack/studiorack-cli,2.0
166,https://api.github.com/repos/BLumia/PineappleSynth,5.0
167,https://api.github.com/repos/codecat/vst3-premake,3.0
168,https://api.github.com/repos/jkruza/DevOpsDashboard,0.0
169,https://api.github.com/repos/DrJohnT/PublishDacPac,4.0
170,https://api.github.com/repos/vNemesis/vsts-filter-pr,0.0
171,https://api.github.com/repos/stone-payments/vsts-task-install-windows-service,17.0
172,https://api.github.com/repos/usdivad/Melodrumatic,3.0
173,https://api.github.com/repos/LeifBloomquist/MIDIMapperX,2.0
174,https://api.github.com/repos/rondinif/pipeline-typescript,2.0
175,https://api.github.com/repos/xebialabs-community/xlr-vsts-insights-plugin,12.0
176,https://api.github.com/repos/sjwaight/funcs-cd-demo,4.0
177,https://api.github.com/repos/geeklearningio/gl-vsts-tasks-build-scripts,5.0
178,https://api.github.com/repos/monadgroup/axiom,18.0
179,https://api.github.com/repos/hotwatermorning/Terra,5.0
180,https://api.github.com/repos/qbroquetas/IV-XDelay,5.0
181,https://api.github.com/repos/modavis-project/midiAuralizer,2.0
182,https://api.github.com/repos/Iunusov/LameVST,0.0
183,https://api.github.com/repos/marscanbueno/ableton-live-resources,2.0
184,https://api.github.com/repos/RustAudio/vst-rs,29.0
185,https://api.github.com/repos/devkeydet/dyn365-ce-devops,36.0
186,https://api.github.com/repos/BillyDM/awesome-audio-dsp,23.0
187,https://api.github.com/repos/ashishrajsrivastava/MyDevOps,2.0
188,https://api.github.com/repos/mmcdermott1/XenGen,1.0
189,https://api.github.com/repos/tobanteAudio/modEQ,1.0
190,https://api.github.com/repos/mvmjacobs/az-devops-rice-extension,3.0
191,https://api.github.com/repos/datajake1999/OPL3GM_VSTi,3.0
192,https://api.github.com/repos/mikeoliphant/Vst3VisualStudioExample,3.0
193,https://api.github.com/repos/rklogan/Combiner,2.0
194,https://api.github.com/repos/DropSnorz/wobbleizer,4.0
195,https://api.github.com/repos/johncollinson2001/multifuzz,2.0
196,https://api.github.com/repos/krmnn/MIDIVelocityZone,2.0
197,https://api.github.com/repos/pongasoft/vst24-hello-world,6.0
198,https://api.github.com/repos/rfennell/AzureDevOpsPowershell,9.0
199,https://api.github.com/repos/razvangoga/prices-watcher,2.0
200,https://api.github.com/repos/peterM/Team-Foundation-Server-Photo-Uploader,1.0
201,https://api.github.com/repos/melezhik/sparrowdo-vsts-build,3.0
202,https://api.github.com/repos/thezhe/D-lay,3.0
203,https://api.github.com/repos/studiorack/studiorack-template-steinberg,3.0
204,https://api.github.com/repos/crowbait/GnomeDistort,1.0
205,https://api.github.com/repos/fukuroder/BLIT-based_sinewave_hardsync,3.0
206,https://api.github.com/repos/igorski/homecorrupter,4.0
207,https://api.github.com/repos/CPIJ/vst-development,2.0
208,https://api.github.com/repos/AnClark/Minaton-XT,1.0
209,https://api.github.com/repos/carlowahlstedt/7zip_VSTS_Task,1.0
210,https://api.github.com/repos/geeklearningio/gl-vsts-tasks-file-patch,6.0
211,https://api.github.com/repos/maxklint/patch-discord,1.0
212,https://api.github.com/repos/VolantisDev/node-vst-guide-library,2.0
213,https://api.github.com/repos/rcoenmans/vsts-client,4.0
214,https://api.github.com/repos/ffAudio/Frequalizer,10.0
215,https://api.github.com/repos/frontporch/fp-vsts-agent,21.0
216,https://api.github.com/repos/snuziale/vsts-extension-split-work,11.0
217,https://api.github.com/repos/tonal-glyph/tgtracker,8.0
218,https://api.github.com/repos/christophhart/HISE,53.0
219,https://api.github.com/repos/SherifElMahdi/DevOpsDays,1.0
220,https://api.github.com/repos/forart/audioblankpluginpack,1.0
221,https://api.github.com/repos/ales-tsurko/kotoist,5.0
222,https://api.github.com/repos/lenisha/vsts-terraform-ansible-packer,3.0
223,https://api.github.com/repos/jpcima/ADLplug,20.0
224,https://api.github.com/repos/SpotlightKid/ykchorus,5.0
225,https://api.github.com/repos/LDPF/LDPF-Examples,2.0
226,https://api.github.com/repos/AnClark/padthv1-universal,1.0
227,https://api.github.com/repos/hrgraf/pizmidi,2.0
228,https://api.github.com/repos/Emmet-Hayes/HayesPlugins,1.0
229,https://api.github.com/repos/Uberton/Uberton,1.0
230,https://api.github.com/repos/yamadapc/augmented-audio,5.0
231,https://api.github.com/repos/getsidechain/sidechain,0.0
232,https://api.github.com/repos/minexew/LostTech,3.0
233,https://api.github.com/repos/mikeoliphant/AudioPlugSharp,11.0
234,https://api.github.com/repos/p-o-l-e/spiro,1.0
235,https://api.github.com/repos/robbert-vdh/nih-plug,23.0
236,https://api.github.com/repos/marozzocom/update-spfx-webpart-ids,2.0
237,https://api.github.com/repos/tbarlow12/task-board-assistant,2.0
238,https://api.github.com/repos/mdalepiane/db-testproject,2.0
239,https://api.github.com/repos/igorski/VSTSID,10.0
240,https://api.github.com/repos/sunquan8094/overtonix,4.0
241,https://api.github.com/repos/almostdefinitelycode/DCOffsetter,1.0
242,https://api.github.com/repos/zamaudio/zam-plugins,19.0
243,https://api.github.com/repos/harsh2204/vstNN,3.0
244,https://api.github.com/repos/kasunkv/vsts-task-starter,2.0
245,https://api.github.com/repos/bisect-pt/vsts_runners,3.0
246,https://api.github.com/repos/stone-payments/vsts-task-envvar,16.0
247,https://api.github.com/repos/trummerschlunk/master_me,13.0
248,https://api.github.com/repos/nbrown02/Test-Status-Report,2.0
249,https://api.github.com/repos/dragonsploder/Dynamo,2.0
250,https://api.github.com/repos/cschleiden/azure-boards-decompose,3.0
251,https://api.github.com/repos/amariichi/chip32fxb2wav,1.0
252,https://api.github.com/repos/n3rd/azure-devops-build-agent,1.0
253,https://api.github.com/repos/amariichi/msm5232wsg,1.0
254,https://api.github.com/repos/flafflar/FaderVST,1.0
255,https://api.github.com/repos/fidmor89/TeamDashboard,2.0
256,https://api.github.com/repos/pongasoft/vst3-again-sample,4.0
257,https://api.github.com/repos/david6983/saxaboom,2.0
258,https://api.github.com/repos/Geonkick-Synthesizer/geonkick,1.0
259,https://api.github.com/repos/arnts/ripples-service,1.0
260,https://api.github.com/repos/elk-audio/elkpi-sdk,13.0
261,https://api.github.com/repos/carlowahlstedt/NewmanPostman_VSTS_Task,3.0
262,https://api.github.com/repos/leomccormack/SPARTA,27.0
263,https://api.github.com/repos/stfufane/Midi-Transposer,2.0
264,https://api.github.com/repos/hotwatermorning/vstrex,2.0
265,https://api.github.com/repos/blackboxdsp/rotor,2.0
266,https://api.github.com/repos/killbizz/Tesi-Pollini-Gabriel-Bizzo,1.0
267,https://api.github.com/repos/hx-ux/Bitcrushi,1.0
268,https://api.github.com/repos/JamesStubbsEng/TS-808-Ultra,3.0
269,https://api.github.com/repos/surge-synthesizer/surge,67.0
270,https://api.github.com/repos/hsetlik/Octane,2.0
271,https://api.github.com/repos/ZioGuido/PhaserTestProject,1.0
272,https://api.github.com/repos/tmclnk/posh-vsts,2.0
273,https://api.github.com/repos/geeklearningio/gl-vsts-tasks-inception,5.0
274,https://api.github.com/repos/joshka/homebrew-audio,2.0
275,https://api.github.com/repos/rijadhubana/RSynth-v1,1.0
276,https://api.github.com/repos/AURAPluginsLtd/Access-Virus-Editor,4.0
277,https://api.github.com/repos/danobot/azure-devops-to-ms-project-exporter,1.0
278,https://api.github.com/repos/microsoft/MCW-OSS-PaaS-and-DevOps,65.0
279,https://api.github.com/repos/jumpjack/VST-converter,1.0
280,https://api.github.com/repos/dot-operator/Auto-Tuner,2.0
281,https://api.github.com/repos/jpcima/string-machine,8.0
282,https://api.github.com/repos/Noahdw/Strauss,5.0
283,https://api.github.com/repos/teyc/vsts-npm-demo,2.0
284,https://api.github.com/repos/artfwo/andes,12.0
285,https://api.github.com/repos/ptablas/M-S-Echottage,1.0
286,https://api.github.com/repos/Meach/ofxVstHost,4.0
287,https://api.github.com/repos/denpalrius/flutter-vsts,3.0
288,https://api.github.com/repos/denniszielke/phoenix,15.0
289,https://api.github.com/repos/iPlug2/iPlug2OOS,5.0
290,https://api.github.com/repos/ReplicatAudio/TerminalVelocity,1.0
291,https://api.github.com/repos/safiire/kitty_synth_vst,2.0
292,https://api.github.com/repos/igoravl/TfsCmdlets,13.0
293,https://api.github.com/repos/thiagocruzrj/DShop-POC,1.0
294,https://api.github.com/repos/tommitytom/RetroPlug,16.0
295,https://api.github.com/repos/KottV/SimpleSide,2.0
296,https://api.github.com/repos/Durun/vst3sdk-gradle,1.0
297,https://api.github.com/repos/ostreifel/wiql-editor,6.0
298,https://api.github.com/repos/joshua-maros/audiobench,3.0
299,https://api.github.com/repos/nidefawl/bass-studio,11.0
300,https://api.github.com/repos/mzuther/K-Meter,12.0
301,https://api.github.com/repos/khrykin/BlackBird,2.0
302,https://api.github.com/repos/MichaelBokatius/BlissBox,1.0
303,https://api.github.com/repos/ddf/evaluator,4.0
304,https://api.github.com/repos/patricklyte/SymphonieFx,1.0
305,https://api.github.com/repos/joanroig/midi-to-scaler-chord-sets,3.0
306,https://api.github.com/repos/ganesp/loadtestagents,1.0
307,https://api.github.com/repos/liliantdn/camomile-plugins,1.0
308,https://api.github.com/repos/javierblancoch/CheckMyTasksADO-Please,1.0
309,https://api.github.com/repos/VolantisDev/node-vst-guide-config,2.0
310,https://api.github.com/repos/Kareus/ABit,2.0
311,https://api.github.com/repos/UltraCoderRU/CuteHost,3.0
312,https://api.github.com/repos/hkarthik7/azure-devops-java-sdk-docs,1.0
313,https://api.github.com/repos/studiorack/studiorack-app,2.0
314,https://api.github.com/repos/VolantisDev/node-vst-guide-api,2.0
315,https://api.github.com/repos/arsenikstiger/querytile-extended,1.0
316,https://api.github.com/repos/vgorloff/VST3NetSend,1.0
317,https://api.github.com/repos/mtchesnokov/Vsts-client,1.0
318,https://api.github.com/repos/danroth-nyt/C-DSP,0.0
319,https://api.github.com/repos/BerserkerDotNet/VSTS.Net,1.0
320,https://api.github.com/repos/pd3v/gen-plugin,1.0
321,https://api.github.com/repos/AITGmbH/AIT.VSTS.Scripts.Legacy,21.0
322,https://api.github.com/repos/rochen-sound-collective/modular_collection,2.0
323,https://api.github.com/repos/amariichi/msm5232kamata,1.0
324,https://api.github.com/repos/adammurdocknh/YAMS,1.0
325,https://api.github.com/repos/robbiedhickey/vsts-demo-cli,1.0
326,https://api.github.com/repos/ToxicBakery/vsts-devops,2.0
327,https://api.github.com/repos/wolf-plugins/wolf-lfo,1.0
328,https://api.github.com/repos/mooncowboy/azure-vmss-gitupull-cd,1.0
329,https://api.github.com/repos/Leonidius20/MegaSynth,1.0
330,https://api.github.com/repos/pumodi/open-samples,4.0
331,https://api.github.com/repos/DoomyDwyer/ASPiKProjects,2.0
332,https://api.github.com/repos/microsoft/featuretimeline,20.0
333,https://api.github.com/repos/RXCommunica/rx-azuredevops-rest,2.0
334,https://api.github.com/repos/Kirby01/KFuzz-VST3-Juce,1.0
335,https://api.github.com/repos/NickHeap2/abl-profiler-converter,1.0
336,https://api.github.com/repos/Lambda3/docker-azure-pipelines-agent,8.0
337,https://api.github.com/repos/LDPF/LDPF,3.0
338,https://api.github.com/repos/pongasoft/vst-sam-spl-64,7.0
339,https://api.github.com/repos/ostreifel/Pull-Request-Search,2.0
340,https://api.github.com/repos/KevinToodlepoot/MS-Exciter,1.0
341,https://api.github.com/repos/hsetlik/HexFm,1.0
342,https://api.github.com/repos/wrl/baseplug,9.0
343,https://api.github.com/repos/prof-spock/SoX-Plugins,2.0
344,https://api.github.com/repos/pipelined/vst2,13.0
345,https://api.github.com/repos/apohl79/GuitarAmp,7.0
346,https://api.github.com/repos/haribabubavanari/BuildAndReleaseKeepForever,1.0
347,https://api.github.com/repos/spotify/pedalboard,54.0
348,https://api.github.com/repos/sabeiro/McAmp,2.0
349,https://api.github.com/repos/ostreifel/vsts-contributions,8.0
350,https://api.github.com/repos/GrieferPig/zippify,1.0
351,https://api.github.com/repos/yrtimiD/azure-pipelines-semver-bump,3.0
352,https://api.github.com/repos/Kirby01/AutoLevel2-VST3-Juce,1.0
353,https://api.github.com/repos/olilarkin/awesome-musicdsp,115.0
354,https://api.github.com/repos/carlowahlstedt/Spark_VSTS_Task,1.0
355,https://api.github.com/repos/olilarkin/pMix2,14.0
356,https://api.github.com/repos/Chowdhury-DSP/ChowMatrix,18.0
357,https://api.github.com/repos/osowskit/microsoft-github-app-extension,2.0
358,https://api.github.com/repos/microsoft/vsts-work-item-migrator,22.0
359,https://api.github.com/repos/LFO-lab/AudioTrig,0.0
360,https://api.github.com/repos/Hupka/sonarqube-azure-setup,4.0
361,https://api.github.com/repos/caleqw2/ParticleArtsPlugin,1.0
362,https://api.github.com/repos/tyiki-badwell/momiji-csharp,1.0
363,https://api.github.com/repos/astra137/opus-parvulum,1.0
364,https://api.github.com/repos/noizebox/vstimgui,1.0
365,https://api.github.com/repos/rust-dsp/rtb-rs,6.0
366,https://api.github.com/repos/iatecbr/Sda.Wit,4.0
367,https://api.github.com/repos/obiwanjacobi/vst.net-plugininfo,1.0
368,https://api.github.com/repos/eulmour/HandyOsc,2.0
369,https://api.github.com/repos/tfsaggregator/tfsaggregator-webhooks,11.0
370,https://api.github.com/repos/AnClark/faust-vst,1.0
371,https://api.github.com/repos/jatinchowdhury18/AnalogTapeModel,17.0
372,https://api.github.com/repos/robbert-vdh/yabridge,37.0
373,https://api.github.com/repos/amariichi/kamata2wav,1.0
374,https://api.github.com/repos/barthy-koeln/rise-and-fall,3.0
375,https://api.github.com/repos/AURAPluginsLtd/Roland-JP80x0-Editor,0.0
376,https://api.github.com/repos/gmoe/vst-cmake,5.0
377,https://api.github.com/repos/mmcdermott1/Morphology,1.0
378,https://api.github.com/repos/attilammagyar/js80p,5.0
379,https://api.github.com/repos/hotwatermorning/Vst3PluginStarter,3.0
380,https://api.github.com/repos/AnClark/synthv1-universal,1.0
381,https://api.github.com/repos/DBraun/DawDreamer,30.0
382,https://api.github.com/repos/cschleiden/azure-boards-estimate,9.0
383,https://api.github.com/repos/microsoft/vsts-extension-integer-control,15.0
384,https://api.github.com/repos/vocalodon/VocalodonVST,6.0
385,https://api.github.com/repos/follower/qt-vst-mac-native-poc,2.0
386,https://api.github.com/repos/trackbout/ripchord,4.0
387,https://api.github.com/repos/kshyju/VSTS-RecentCodeCommits,2.0
388,https://api.github.com/repos/pongasoft/vst-vac-6v,4.0
389,https://api.github.com/repos/notwa/crap,2.0
390,https://api.github.com/repos/pongasoft/jamba,8.0
391,https://api.github.com/repos/ArdenButterfield/Fish-backup,1.0
392,https://api.github.com/repos/morukutsu/LondonClockT,5.0
393,https://api.github.com/repos/Celemony/ARA_Examples,4.0
394,https://api.github.com/repos/sergree/matchering-cli,4.0
395,https://api.github.com/repos/essenbee/multifilter,0.0
396,https://api.github.com/repos/Aer0naut/VSTS-GO,3.0
397,https://api.github.com/repos/nbrown02/FlowViz,23.0
398,https://api.github.com/repos/jcfischer/easylooper,2.0
399,https://api.github.com/repos/wolf-plugins/wolf-shaper,8.0
400,https://api.github.com/repos/killbizz/Biztortion,2.0
401,https://api.github.com/repos/n13org/GetFullfilenameOf,1.0
402,https://api.github.com/repos/melezhik/sparrowdo-vsts-dotnet,3.0
403,https://api.github.com/repos/tobanteAudio/juce-cookbook,3.0
404,https://api.github.com/repos/wenwu449/vsts-pr-review-sample,3.0
405,https://api.github.com/repos/defrankland/VstAudioEqMeter,1.0
406,https://api.github.com/repos/demberto/fxp,1.0
407,https://api.github.com/repos/hollance/mda-plugins-juce,6.0
408,https://api.github.com/repos/klknn/kdr,1.0
409,https://api.github.com/repos/reales/OB-Xd,2.0
410,https://api.github.com/repos/hordiales/ap-gen,2.0
411,https://api.github.com/repos/SquarePine/Flow,1.0
412,https://api.github.com/repos/tobanteAudio/juce-6-demo,1.0
413,https://api.github.com/repos/pongasoft/vst-ab-switch,4.0
414,https://api.github.com/repos/scale-tone/AzFunc4DevOps,2.0
415,https://api.github.com/repos/wolf-plugins/wolf-spectrum,9.0
416,https://api.github.com/repos/egst/cynth,1.0
417,https://api.github.com/repos/igorski/transformant,7.0
418,,
419,https://api.github.com/repos/sdangelo/brickworks,5.0
420,https://api.github.com/repos/kcuric/kodiak,0.0
421,https://api.github.com/repos/SpotlightKid/ardour2fxp,5.0
422,https://api.github.com/repos/geeklearningio/gl-vsts-tasks-files,6.0
423,https://api.github.com/repos/chrigervi/Orpheus,1.0
424,https://api.github.com/repos/brayschurman/venue,1.0
425,https://api.github.com/repos/EngageSoftware/eslint-formatter-azure-devops,4.0
426,https://api.github.com/repos/blackboxdsp/phantom,2.0
427,https://api.github.com/repos/theuser27/Complex,1.0
428,https://api.github.com/repos/elk-audio/elk-examples,9.0
429,https://api.github.com/repos/mtiid/chuck-racks,17.0
430,https://api.github.com/repos/tomto66/Topiary-Riffz,3.0
431,https://api.github.com/repos/luuksommers/vsts-website-warmup,3.0
432,https://api.github.com/repos/varlen/randstepfilter,1.0
433,https://api.github.com/repos/mzuther/Squeezer,9.0
434,https://api.github.com/repos/SpotlightKid/transportgate,3.0
435,https://api.github.com/repos/martindylan/mystortion,1.0
436,https://api.github.com/repos/malstrom72/microtonic-scripts-sdk,3.0
437,https://api.github.com/repos/studiorack/studiorack-template-dplug,2.0
438,https://api.github.com/repos/deviant-syndrome/pulse-carlawine,1.0
439,https://api.github.com/repos/dmultiply/Klide,1.0
440,https://api.github.com/repos/ales-tsurko/iced-nsview,2.0
441,https://api.github.com/repos/toasty-ghost/ASE_KM_Caverb,1.0
442,https://api.github.com/repos/xivilay/chord-recognition,1.0
443,https://api.github.com/repos/renattomartins/asd-dev-clean-code,2.0
444,https://api.github.com/repos/miiitch/wilinq,3.0
445,https://api.github.com/repos/YPares/arpligner,4.0
446,https://api.github.com/repos/VolantisDev/node-vst-scanner,2.0
447,https://api.github.com/repos/TobiasKozel/GuitarD,2.0
448,https://api.github.com/repos/progwolff/performer,4.0
449,https://api.github.com/repos/njazz/cloudseed-juce,2.0
450,https://api.github.com/repos/Archie3d/aurum,2.0
451,https://api.github.com/repos/OSSCanada/vsts_build_pipeline,3.0
452,https://api.github.com/repos/sonosaurus/sonobus,29.0
453,https://api.github.com/repos/AssureCare/team-services-tools,3.0
454,https://api.github.com/repos/JoergBitzer/JadeSpectrogram,1.0
455,https://api.github.com/repos/JacobHenner/puppet-azure_pipelines,2.0
456,https://api.github.com/repos/studiorack/studiorack-site,1.0
457,https://api.github.com/repos/kushview/element,37.0
458,https://api.github.com/repos/GiorgosKoulouris/DeCoderPlugin,1.0
459,https://api.github.com/repos/tfsaggregator/tfsaggregator,25.0
460,https://api.github.com/repos/teddywilson/madrona-patch-scraper,3.0
461,https://api.github.com/repos/sadmemelord/QuasoLocalizationPanner,1.0
462,https://api.github.com/repos/sowderca/azure-devops-sdk,1.0
463,https://api.github.com/repos/emanuelemessina/ReaShader,1.0
464,https://api.github.com/repos/ramirezd42/vst-js,11.0
465,https://api.github.com/repos/swellaby/vsts-agents,3.0
466,https://api.github.com/repos/Capgemini/azure-devops-extension-xrm-build,21.0
467,https://api.github.com/repos/reillypascal/RSAlgorithmicVerb,1.0
468,https://api.github.com/repos/mmajcica/SpecFlowReportGeneratorTask,2.0
469,https://api.github.com/repos/sourc3array/808TK,0.0
470,https://api.github.com/repos/aloisdeniel/vsts-flutter-tasks,13.0
471,https://api.github.com/repos/TheAvalanche/JustAudioFX,3.0
472,https://api.github.com/repos/anderseklov/SFZ-to-HISE-converter,1.0
473,https://api.github.com/repos/reillypascal/RSBrokenMedia,1.0
474,https://api.github.com/repos/uchidama/SimpleSynthEx,2.0
475,https://api.github.com/repos/dschuermans/NupgkWrenchExtension,1.0
476,https://api.github.com/repos/shaduzlabs/throb,7.0
477,https://api.github.com/repos/JacobACan/RGBA-Synth,1.0
478,https://api.github.com/repos/cklutz/my-vsts-tasks,2.0
479,https://api.github.com/repos/olvb/m4rio,2.0
480,https://api.github.com/repos/StoneyDSP/Biquads,3.0
481,https://api.github.com/repos/monocasual/giada,58.0
482,https://api.github.com/repos/Janislav/Pluto,1.0
483,https://api.github.com/repos/waddafunk/Oscilloscope,1.0
484,https://api.github.com/repos/sergree/matchering-web,5.0
485,https://api.github.com/repos/gmoe/learning-dsp,5.0
486,https://api.github.com/repos/cyanit/vital-presets,1.0
487,https://api.github.com/repos/lisardggY/VSTS.PullRequestMonitor,2.0
488,https://api.github.com/repos/kamranayub/xTFSGitLFSFile,4.0
489,https://api.github.com/repos/werckme/werckmeister-vst,1.0
490,https://api.github.com/repos/alejandro5042/azdo-userscripts,4.0
491,https://api.github.com/repos/CertiGraph/CertiGraph,9.0
492,https://api.github.com/repos/elieserdejesus/JamTaba,19.0
493,https://api.github.com/repos/nkdAgility/azure-devops-variable-tools,2.0
494,https://api.github.com/repos/microsoft/MCW-Modern-cloud-apps,69.0
495,https://api.github.com/repos/mikeroyal/PipeWire-Guide,15.0
496,https://api.github.com/repos/TailyFair/vstoy,1.0
497,https://api.github.com/repos/lenisha/vsts-terraform-ansible,4.0
498,https://api.github.com/repos/bartoszOsn/FuzzTeeth,1.0
499,https://api.github.com/repos/fake-industries/fuzzball,3.0
500,https://api.github.com/repos/xoofx/NPlug,5.0
501,https://api.github.com/repos/pardinensis/useless_reverb,2.0
502,https://api.github.com/repos/kushview/roboverb,5.0
503,https://api.github.com/repos/wtrsltnk/vsthost,3.0
504,https://api.github.com/repos/tomap/soapui-extensions,1.0
505,https://api.github.com/repos/sfztools/sfizz-ui,4.0
506,https://api.github.com/repos/Continuous-Data/MSSQL-CICD-Helper,3.0
507,https://api.github.com/repos/Lambda3/docker-azure-pipelines-agent-windows,7.0
508,https://api.github.com/repos/cedar-ave/vsts-release-notes-html-table,9.0
509,https://api.github.com/repos/edwardkuo/DeleteVSTSPackage,1.0
510,https://api.github.com/repos/vvvar/PeakEater,12.0
511,https://api.github.com/repos/tonylazarew/live-plugins-usage,3.0
512,https://api.github.com/repos/mzuther/traKmeter,7.0
513,https://api.github.com/repos/hectorbennett/hecto-drive,1.0
514,https://api.github.com/repos/davoodharun/vsts-devops,2.0
515,https://api.github.com/repos/defuse/vst_plugin,2.0
516,https://api.github.com/repos/ADOKickstarter/adokickstarter,1.0
517,https://api.github.com/repos/smabuk/VersioningDemos,3.0
518,https://api.github.com/repos/rickgiantsteps/bucket-brigade,1.0
519,https://api.github.com/repos/4ux-nbIx/posh-git-workflow,2.0
520,https://api.github.com/repos/jpwogaman/template.io,1.0
521,https://api.github.com/repos/lean-soft/devopshub-docs-g4e,4.0
522,https://api.github.com/repos/tobania/VSTS.Extension.SqlReportingServices,9.0
523,https://api.github.com/repos/vtange/vst-io,2.0
524,https://api.github.com/repos/igorski/rechoir,3.0
525,https://api.github.com/repos/ChromaticIsobar/HyperTremolo,1.0
526,https://api.github.com/repos/ramirezd42/node-audio,9.0
527,https://api.github.com/repos/nyarla/WineVSTWrapper,1.0
528,https://api.github.com/repos/kohoutech/Kohoutech.VST,2.0
529,https://api.github.com/repos/nberr/juce-template,3.0
530,https://api.github.com/repos/twinysam/FreeAudioPluginList,7.0
531,https://api.github.com/repos/Durun/vst3kotlin,1.0
532,https://api.github.com/repos/hotwatermorning/Vst3HostDemo,5.0
533,https://api.github.com/repos/planaria/vv,3.0
534,https://api.github.com/repos/GModal/AUCOP,2.0
535,https://api.github.com/repos/julienstroheker/loadimpact-vsts-extension,4.0
536,https://api.github.com/repos/GiustiRo/kbrAirBoost,1.0
537,https://api.github.com/repos/chipnertkj/chipbox,8.0
538,https://api.github.com/repos/snuziale/vsts-open-in-excel,5.0
539,https://api.github.com/repos/hotwatermorning/Vst3SampleHost,3.0
540,https://api.github.com/repos/HabzdaBalint/VST_Synth,1.0
541,https://api.github.com/repos/forart/HyMPS,6.0
542,https://api.github.com/repos/J0rgeSerran0/Decent-Sampler-Samples,3.0
543,https://api.github.com/repos/00laboratories/HISE-AG-20,3.0
544,https://api.github.com/repos/webdevops/azure-devops-exporter,14.0
545,https://api.github.com/repos/p-hlp/SMPLComp,2.0
546,https://api.github.com/repos/canokaue/azr3-mac,2.0
547,https://api.github.com/repos/LeCantaloop/Qwiq.Extensions,3.0
548,https://api.github.com/repos/YeshiNamkhai/mioSynth,1.0
549,https://api.github.com/repos/javierescobare/PetProjectTests,2.0
550,https://api.github.com/repos/josdeweger-zz/LightHouse,0.0
551,https://api.github.com/repos/knom/VSTSMailer,2.0
552,https://api.github.com/repos/melezhik/sparrowdo-vsts-angular-build,3.0
553,https://api.github.com/repos/iPlug2/iPlug2,57.0
554,https://api.github.com/repos/charless3/juce-sandbox,1.0
555,https://api.github.com/repos/wahyuen/angular4-vsts-integration,1.0
556,https://api.github.com/repos/DISTRHO/Cardinal,45.0
557,https://api.github.com/repos/Ardour/ardour,144.0
558,https://api.github.com/repos/incarnate/vsts-php-tools,2.0
559,https://api.github.com/repos/CccrizzZ/Projucer-Projects,1.0
560,https://api.github.com/repos/shaycy/tfs-ng-app,1.0
561,https://api.github.com/repos/AdamPaternostro/Azure-Dev-Ops-Single-CI-CD-Dev-To-Production-Pipeline,1.0
562,https://api.github.com/repos/JosephTLyons/SimplEQ,2.0
563,https://api.github.com/repos/monomadic/dd-core,2.0
564,https://api.github.com/repos/SquarePine/AudioPluginStrategies,1.0
565,https://api.github.com/repos/steeelydan/js2eel,2.0
566,https://api.github.com/repos/dotinspiredby/LaplandSynthVst_Cpp,1.0
567,https://api.github.com/repos/assemblu/Apalis,1.0
568,https://api.github.com/repos/rm8x/myowah,0.0
569,https://api.github.com/repos/CLAW1200/LaunchpadMK2-VoiceMeeter,1.0
570,https://api.github.com/repos/Do-sth-sharp/VocalShaper,0.0
571,https://api.github.com/repos/microsoft/MCW-Mobile-app-innovation,54.0
572,https://api.github.com/repos/microsoft/vsts-extension-toggle-control,19.0
573,https://api.github.com/repos/colindembovsky/cols-agent-tasks,9.0
574,https://api.github.com/repos/mmanela/vsts-workitem-recentlyviewed,4.0
575,https://api.github.com/repos/Squishy47/OpenVerb,2.0
576,https://api.github.com/repos/ReplicatAudio/DSPGraph,1.0
577,https://api.github.com/repos/bhdicaire/visioStencils,14.0
578,https://api.github.com/repos/fabiencrassat/UserStyles,2.0
579,https://api.github.com/repos/xantari/Seq.App.Azure.DevOps,3.0
580,https://api.github.com/repos/imchristina/piano,3.0
581,https://api.github.com/repos/Mrugalla/NEL-19,1.0
582,https://api.github.com/repos/Masahigo/sitecore-azure-devops,6.0
583,https://api.github.com/repos/Kirby01/Filter-VST3-Juce,1.0
584,https://api.github.com/repos/vtbassmatt/hackathon-ci-yaml-schema,1.0
585,https://api.github.com/repos/austensatterlee/VOSIMSynth,4.0
586,https://api.github.com/repos/bhdicaire/awesome-visio,1.0
587,https://api.github.com/repos/LibreArp/homebrew-librearp,0.0
588,https://api.github.com/repos/no23reason/jest-trx-results-processor,2.0
589,https://api.github.com/repos/szkkng/simple-reverb,2.0
590,https://api.github.com/repos/raphaelbs/financial-quiz-app,2.0
591,https://api.github.com/repos/GregTrevellick/VsixTwitterWidget,2.0
592,https://api.github.com/repos/james34602/SpleeterRT,15.0
593,https://api.github.com/repos/mathieu-benoit/SitecoreOnAzureWebAppLab,1.0
594,https://api.github.com/repos/kasunkv/build-and-release-pipeline,2.0
595,https://api.github.com/repos/tparker48/sherpa-synthesizer,2.0
596,https://api.github.com/repos/DBraun/TD-JUCE,6.0
597,https://api.github.com/repos/VolantisDev/node-vst-guide,2.0
598,https://api.github.com/repos/Xaymar/vst2sdk,3.0
599,https://api.github.com/repos/PureRandom/VstsCoverCoverageExtension,2.0
600,https://api.github.com/repos/olive-editor/olive,166.0
601,https://api.github.com/repos/Dealogic/webpack-vsts-extension,6.0
602,https://api.github.com/repos/benmatselby/donny,2.0
603,https://api.github.com/repos/VirtualRaven/KandVST,7.0
604,https://api.github.com/repos/sunquan8094/Krush3x,2.0
605,https://api.github.com/repos/raphaelbs/financial-quiz-api,2.0
606,https://api.github.com/repos/microsoft/azure-devops-python-api,39.0
607,https://api.github.com/repos/ostreifel/Zen-Form,2.0
608,https://api.github.com/repos/benmatselby/frost,2.0
609,https://api.github.com/repos/bergmeister/posh-vsts-cli,5.0
610,https://api.github.com/repos/HarrisonBubbles/OasisAudioPlugin,1.0
611,https://api.github.com/repos/gjermshus/VSTS-SlackBot,2.0
612,https://api.github.com/repos/ostreifel/vsts-rest-multivalue,2.0
613,https://api.github.com/repos/OSRTeam/OpenSoundRefenation,2.0
614,https://api.github.com/repos/WindowsNT/pianoroll,3.0
615,https://api.github.com/repos/SquarePine/Chromatone_old,1.0
616,https://api.github.com/repos/johanLsp/Milion,4.0
617,https://api.github.com/repos/fabriciogd/VSTSBot,1.0
618,https://api.github.com/repos/alexyer/digidist,2.0
619,https://api.github.com/repos/jlandersen/vscode-vsts-build-status,2.0
620,https://api.github.com/repos/Archie3d/aeolus_plugin,6.0
621,https://api.github.com/repos/sainsay/AudioPlugins,1.0
622,https://api.github.com/repos/bl3utide/ntpcs,0.0
623,https://api.github.com/repos/devbym/w.enable.vst,2.0
624,https://api.github.com/repos/Kareus/Migano,1.0
625,https://api.github.com/repos/jeffpriz/vsts-release-web-test,1.0
626,https://api.github.com/repos/ostreifel/Board-Group,6.0
627,https://api.github.com/repos/Lolitron-0/Kaoss-emul,1.0
628,https://api.github.com/repos/vertver/Dynation,3.0
629,https://api.github.com/repos/davemollen/dm-Reverse,1.0
630,https://api.github.com/repos/maka89/AudioEzDynamics,1.0
631,https://api.github.com/repos/konstice/SignatureLine,1.0
632,https://api.github.com/repos/xelarep/GPpyTools,1.0
633,https://api.github.com/repos/insomnimus/drum-mapper,1.0
634,https://api.github.com/repos/stpatrick2016/mql5-compiler,1.0
635,https://api.github.com/repos/LaineZ/PhotoConsequences,1.0
636,https://api.github.com/repos/mrmodise/export-vsts-wiki-to-pdf,2.0
637,https://api.github.com/repos/camelCaseDave/crm-vsts-tasks,2.0
638,https://api.github.com/repos/jthorborg/signalizer,3.0
639,https://api.github.com/repos/Dimethoxy/Plasma,0.0
640,https://api.github.com/repos/ismaildalgatov/VCV-to-Ableton,1.0
641,https://api.github.com/repos/Mg32/SymmetricPingPongDelay,1.0
642,https://api.github.com/repos/marceloavf/digitalocean-tools-vsts,3.0
643,https://api.github.com/repos/TFSDSC/xTfsDscAgent,4.0
644,https://api.github.com/repos/geeklearningio/gl-vsts-tasks-semver,6.0
645,https://api.github.com/repos/cvde/RoomReverb,4.0
646,https://api.github.com/repos/stephanebachelier/inline-coverage-styles,2.0
647,https://api.github.com/repos/paulgmiller/vstsdockerbuild,2.0
648,https://api.github.com/repos/mmcdermott1/FroYo,1.0
649,https://api.github.com/repos/p-hlp/CTAGDRC,6.0
650,https://api.github.com/repos/rfennell/AzurePipelines,18.0
651,https://api.github.com/repos/steinbergmedia/vst3_example_plugin_hello_world,6.0
652,https://api.github.com/repos/retornz/ToneZ,2.0
653,https://api.github.com/repos/baywet/azure-docker-sonarqube,2.0
654,https://api.github.com/repos/melezhik/sparrowdo-vsts-solution,3.0
655,https://api.github.com/repos/osam-cologne/stereogain,5.0
656,https://api.github.com/repos/DrPeaboss/vst3-pas,2.0
657,https://api.github.com/repos/NiknakSi/Certiply,2.0
658,https://api.github.com/repos/LensPlaysGames/Gainbit,1.0
659,https://api.github.com/repos/geekosdawproject/geekosdaw-issues,3.0
660,https://api.github.com/repos/cake-contrib/Cake.BuildSystems.Module,5.0
661,https://api.github.com/repos/MethodsAndPractices/vsteam,41.0
662,https://api.github.com/repos/Flixor/IRBaboon,1.0
663,https://api.github.com/repos/RBLG/Grapher,2.0
664,https://api.github.com/repos/sadmemelord/QuasoCompressor,1.0
665,https://api.github.com/repos/DBraun/Sampler,5.0
666,https://api.github.com/repos/Naozumi520/mbp-16-bootcamp-speaker-mod,2.0
667,https://api.github.com/repos/umairsyed613/VSTSWorkItemShortcut,0.0
668,https://api.github.com/repos/jimhaMJ/vsts-tfs-trigger-build,2.0
669,https://api.github.com/repos/christiansparre/VstsDockerBuild,4.0
670,https://api.github.com/repos/onlyutkarsh/ExportAsPDF,2.0
671,https://api.github.com/repos/Speechrezz/SaturatorTest,1.0
672,https://api.github.com/repos/danielappelt/fxbconv,2.0
673,https://api.github.com/repos/rcoenmans/jira-to-vsts-migration,2.0
674,https://api.github.com/repos/jeffpriz/vsts-json-to-variable,3.0
675,https://api.github.com/repos/hey24sheep/azure-flutter-tasks,4.0
676,https://api.github.com/repos/adamv/synthchat,3.0
677,https://api.github.com/repos/kenhansen01/AdminPowershell,2.0
678,https://api.github.com/repos/amariichi/msm5232wavs,1.0
679,https://api.github.com/repos/mpusch88/Externalizer,1.0
680,https://api.github.com/repos/blurkk/symbiosis-au-vst-2,3.0
681,https://api.github.com/repos/microsoft/process-migrator,24.0
682,https://api.github.com/repos/Kirby01/KClip2-VST3-Juce,1.0
683,https://api.github.com/repos/mathieu-benoit/asp-dot-net-core-on-azure-web-app,2.0
684,https://api.github.com/repos/dazfuller/PyLintTask,1.0
685,https://api.github.com/repos/Speechrezz/VibratoPlugin,1.0
686,https://api.github.com/repos/r-koubou/LRReverse,2.0
687,https://api.github.com/repos/theoteno/A-certain-scientific-Vital-preset,1.0
688,https://api.github.com/repos/patriceguyot/ComposeSiren,3.0
689,https://api.github.com/repos/mmajcica/DeploySsrs,8.0
690,https://api.github.com/repos/hotwatermorning/wahwth,2.0
691,https://api.github.com/repos/AuburnSounds/Dplug,20.0
692,https://api.github.com/repos/lyjia/lyjia-presets,3.0
693,https://api.github.com/repos/EchoInMirror/EchoInMirror,3.0
694,https://api.github.com/repos/martindylan/roads,2.0
695,https://api.github.com/repos/MyBlackMIDIScore/CathanConcertGrand,1.0
696,https://api.github.com/repos/harunhasdal/vsts-pr-monitor-chrome,2.0
697,https://api.github.com/repos/polimi-ispl/ebeamer,4.0
698,https://api.github.com/repos/studiorack/studiorack-template-juce,2.0
699,https://api.github.com/repos/dimesoftware/publishnugettovsts,1.0
700,https://api.github.com/repos/elk-audio/elk-pi,15.0
701,https://api.github.com/repos/up2pixy/VSTS_Attachement_Downloader,0.0
702,https://api.github.com/repos/Augurk/vsts-extension,3.0
703,https://api.github.com/repos/webprofusion/OpenAudio,66.0
704,https://api.github.com/repos/abbysoft-team/Soompler,3.0
705,https://api.github.com/repos/AURAPluginsLtd/Waldorf-Blofeld-Editor,0.0
706,https://api.github.com/repos/gilfuser/livecode-this,1.0
707,https://api.github.com/repos/kirkone/vsts-dnx-tasks,3.0
708,https://api.github.com/repos/melezhik/sparrowdo-vsts-cordova,3.0
709,https://api.github.com/repos/psycha0s/airwave,26.0
710,https://api.github.com/repos/michael-truscott/DoomVst,1.0
711,https://api.github.com/repos/hollance/synth-plugin-book,4.0
712,https://api.github.com/repos/cake-contrib/Cake.Prca.PullRequests.Tfs,8.0
713,https://api.github.com/repos/GiustiRo/kbrRingDist,1.0
714,https://api.github.com/repos/steinbergmedia/vstgui,45.0
715,https://api.github.com/repos/g-s-k/tanh-vst,1.0
716,https://api.github.com/repos/SkyeHoefling/VSTS-Build-Task-Sample,2.0
717,https://api.github.com/repos/OlliV/DiaPro,2.0
718,https://api.github.com/repos/ntomassetti/DesuMateVST,1.0
719,https://api.github.com/repos/vroomai/vst,0.0
720,https://api.github.com/repos/rfennell/AzureDevOpsServiceHookDsl,3.0
721,https://api.github.com/repos/StunnedByMusic/LatencySpy,1.0
722,https://api.github.com/repos/martindylan/pmatrix,1.0
723,https://api.github.com/repos/ChaseDurand/simple-plugin-gui,1.0
724,https://api.github.com/repos/OdysseasKr/synth1-dataset,1.0
725,https://api.github.com/repos/Krasjet/imgui_juce,3.0
726,https://api.github.com/repos/haszari/PhraseSyncPlugins,2.0
727,https://api.github.com/repos/RicardoZambon/devops-markdown-text-control,1.0
728,https://api.github.com/repos/melezhik/sparrowdo-vsts-nuget-build,3.0
729,https://api.github.com/repos/chwebdude/BadgeCreator,4.0
730,https://api.github.com/repos/microsoft/AzureDevOps-WSJF-Extension,22.0
731,https://api.github.com/repos/cedar-ave/ado-release-notes-from-query,4.0
732,https://api.github.com/repos/wenwu449/vsts-pr-reviewer,3.0
733,https://api.github.com/repos/unevens/Curvessor,2.0
734,https://api.github.com/repos/Swedeniron/Azure-DevOPS-automatic,0.0
735,https://api.github.com/repos/Celemony/ARA_Library,4.0
736,https://api.github.com/repos/redhat-developer/openshift-vsts,16.0
737,https://api.github.com/repos/hansen-audio/vst3-cpack,1.0
738,https://api.github.com/repos/straygar/making-audio-plugins,1.0
739,https://api.github.com/repos/stone-payments/vsts-task-start-windows-service,18.0
740,https://api.github.com/repos/tgalpha/ActivityTimer,1.0
741,https://api.github.com/repos/DropSnorz/OwlPlug,7.0
742,https://api.github.com/repos/nokitakaze/VSTAudioProcessor,2.0
743,https://api.github.com/repos/teyc/vsts-npm-demo-submodule,2.0
744,https://api.github.com/repos/TheLazyGeekGuy/DIY-Waves-Soundgrid-Server,12.0
745,https://api.github.com/repos/azur1s/penare,2.0
746,https://api.github.com/repos/stutton/DocumentCreator,1.0
747,https://api.github.com/repos/lukemcraig/OvertoneFilter,3.0
748,https://api.github.com/repos/enricforn/vsts-agent-docker,2.0
749,https://api.github.com/repos/SpotlightKid/stereocrossdelay,2.0
750,https://api.github.com/repos/x42/lv2vst,13.0
751,https://api.github.com/repos/aliefhooghe/Gammou,4.0
752,https://api.github.com/repos/xunil-cloud/CloudReverb,6.0
753,https://api.github.com/repos/nkdAgility/Azure-DevOps-Process-Tools,2.0
754,https://api.github.com/repos/ashokfernandez/DR-Filter,1.0
755,https://api.github.com/repos/justjavac/deno-ci,3.0
756,https://api.github.com/repos/simonceddy/audio-plugin-presets,2.0
757,https://api.github.com/repos/medusalix/MiniVST,4.0
758,https://api.github.com/repos/geeklearningio/gl-vsts-tasks-azure,6.0
759,https://api.github.com/repos/nilaydshah/MochaTypescriptTest-101,3.0
760,https://api.github.com/repos/jthorborg/ape,5.0
761,https://api.github.com/repos/Mg32/vst_csm,2.0
762,https://api.github.com/repos/mofeing/homebrew-audio-plugins,3.0
763,https://api.github.com/repos/WPN214/wpn114plugins,1.0
764,https://api.github.com/repos/RickBn/reDroidFlux,1.0
765,https://api.github.com/repos/greatest-ape/OctaSine,11.0
766,https://api.github.com/repos/alhardy/vsts-tasks,1.0
767,https://api.github.com/repos/martinic/DrMixAISynth,6.0
768,https://api.github.com/repos/likelian/Repeator,1.0
769,https://api.github.com/repos/devashish-gupta/Tranquil,1.0
770,https://api.github.com/repos/tafuji/Xamarin-UnitTest-Vsts,2.0
771,https://api.github.com/repos/leomccormack/HO-SIRR-GUI,4.0
772,https://api.github.com/repos/nosinovacao/vsts_exporter,1.0
773,https://api.github.com/repos/monomadic/dd-plugs,3.0
774,https://api.github.com/repos/helio-fm/helio-workstation,56.0
775,https://api.github.com/repos/joaoasrosa/azuredevops-pipeline-container,0.0
776,https://api.github.com/repos/elk-audio/sushi,6.0
777,https://api.github.com/repos/olilarkin/wdl-ol,101.0
778,https://api.github.com/repos/obsproject/obs-vst,28.0
779,https://api.github.com/repos/juandagilc/Audio-Effects,22.0
780,https://api.github.com/repos/swellaby/vsts-traffic-monitor,4.0
781,https://api.github.com/repos/jpcima/HybridReverb2,8.0
782,https://api.github.com/repos/AlexW00/clockwork,2.0
783,https://api.github.com/repos/totvs/azure-release-notes-generator,10.0
784,https://api.github.com/repos/SpotlightKid/sendmixer,2.0
785,https://api.github.com/repos/rednafi/py-vscode,3.0
786,https://api.github.com/repos/Chris-TopherW/UnityVSTHost,8.0
787,https://api.github.com/repos/xivilay/scale-remapper,1.0
788,https://api.github.com/repos/NoiseG8/NoiseG8,1.0
789,https://api.github.com/repos/0x0015/NodePlugin,1.0
790,https://api.github.com/repos/essenbee/delay,1.0
791,https://api.github.com/repos/tadashibashi/juce-cmake-plugin-template,1.0
792,https://api.github.com/repos/r-koubou/BC-PlgnScript,3.0
793,https://api.github.com/repos/thuru-zz/DashDocs,2.0
794,https://api.github.com/repos/schroffl/zig-vst,4.0
795,https://api.github.com/repos/werman/noise-suppression-for-voice,52.0
796,https://api.github.com/repos/scheffle/vst3utils,3.0
797,https://api.github.com/repos/zrythm/zrythm,50.0
798,https://api.github.com/repos/sharki13/stereoknob,1.0
799,https://api.github.com/repos/frederiksen/Task-Card-Creator,6.0
800,https://api.github.com/repos/seven-phases/spectrum-analyzer,15.0
801,https://api.github.com/repos/AdamPaternostro/Azure-Databricks-CI-CD-Initial-Token,3.0
802,https://api.github.com/repos/psykon/awesome-synth,4.0
803,https://api.github.com/repos/geeklearningio/gl-vsts-tasks-yarn,7.0
804,https://api.github.com/repos/follower/vst-bridge-ladspa-mac,3.0
805,https://api.github.com/repos/juce-framework/JUCE,247.0
806,https://api.github.com/repos/scriptorum/SMBigSkin,1.0
807,https://api.github.com/repos/Rychard/AzurePipelineLogCommands,3.0
808,https://api.github.com/repos/pongasoft/jamba-sample-gain,3.0
809,https://api.github.com/repos/abeckDev/vsts-onedrive-upload,2.0
810,https://api.github.com/repos/nbrown02/Story-Point-Correlation,3.0
811,https://api.github.com/repos/blaketeres/Boomerang-Delay-Plugin-VST-AU-,2.0
812,https://api.github.com/repos/timeoffaudio/releases,0.0
813,https://api.github.com/repos/dotinspiredby/ExperimentalOsc_Synth,1.0
814,https://api.github.com/repos/KaixoCode/CMBNEX,1.0
815,https://api.github.com/repos/TobiasKozel/transmitter,1.0
816,https://api.github.com/repos/MeijisIrlnd/Transfer,2.0
817,https://api.github.com/repos/spnw/free-music-plugins,1.0
818,https://api.github.com/repos/cb8/phpunit-vsts-bridge,2.0
819,https://api.github.com/repos/igorski/fogpad,6.0
820,https://api.github.com/repos/leomccormack/CroPaC-Binaural,5.0
821,https://api.github.com/repos/tomkerkhove/sello,4.0
822,https://api.github.com/repos/Juanmalopezg/smooth-distortion,2.0
823,https://api.github.com/repos/joex92/XYVI,1.0
824,https://api.github.com/repos/Djaugo/EQ_Lite-Vst-Plugin-Win,1.0
825,https://api.github.com/repos/iffyloop/EasyVst,4.0
826,https://api.github.com/repos/mathieu-benoit/dot-net-on-azure-function-app,1.0
827,https://api.github.com/repos/DariuszPorowski/azure-pipelines-tasks-mysql,1.0
828,https://api.github.com/repos/aaronyzhou/vsts-extension-branch-magic,1.0
829,https://api.github.com/repos/gexplorer/VSTSCards,1.0
830,https://api.github.com/repos/thomashuss/patch1,1.0
831,https://api.github.com/repos/suzumushi0/AudioQAM_source,0.0
832,https://api.github.com/repos/QVbDev/quantumVerb,5.0
833,https://api.github.com/repos/Kirby01/Drive-VST3-Juce,2.0
834,https://api.github.com/repos/wolf-tickets/sound-and-outer-space,2.0
835,https://api.github.com/repos/ABSounds/Harpejji-VST,1.0
836,https://api.github.com/repos/linuxmao-org/VL1-emulator,5.0
837,https://api.github.com/repos/lukemcraig/PathSynth,3.0
838,https://api.github.com/repos/expertasolutions/AzDo.VstsDashboard,2.0
839,https://api.github.com/repos/JosephTLyons/Track-Notes-1,1.0
840,https://api.github.com/repos/JohT/speclet,1.0
841,https://api.github.com/repos/szkkng/jr-granular,2.0
842,https://api.github.com/repos/TheTechnobear/SSP,4.0
843,https://api.github.com/repos/steinbergmedia/vst3sdk,92.0
844,https://api.github.com/repos/marcells/node-build-monitor,18.0
845,https://api.github.com/repos/krishnaji/CICDLabsHOL,2.0
846,https://api.github.com/repos/psobot/SampleScanner,12.0
847,https://api.github.com/repos/cschleiden/vsts-extension-ts-seed-simple,10.0
848,https://api.github.com/repos/KaiDrange/ECMapper,4.0
849,https://api.github.com/repos/cschleiden/azure-boards-markdown,3.0
850,https://api.github.com/repos/CoolDadTx/p3net-tfsmigrate,2.0
851,https://api.github.com/repos/onlyutkarsh/ExtensionDownloadMonitorWidget,3.0
852,https://api.github.com/repos/LIMUNIMI/pycarla,1.0
853,https://api.github.com/repos/strikles/UQLRF-500,2.0
854,https://api.github.com/repos/hkarthik7/azure-devops-java-sdk,3.0
855,https://api.github.com/repos/valsteen/note_effects_vst,4.0
856,https://api.github.com/repos/Husenap/VSTakoyaki,1.0
857,https://api.github.com/repos/17cupsofcoffee/digidist,2.0
858,https://api.github.com/repos/TaleTN/IPlug,1.0
859,https://api.github.com/repos/nodiscc/awesome-linuxaudio,82.0
860,https://api.github.com/repos/mcascone/aha-vsts,2.0
861,https://api.github.com/repos/kohoutech/Audion,3.0
862,https://api.github.com/repos/nberr/MidiDupTracker,1.0
863,https://api.github.com/repos/Dealogic/cloc-vsts-extension,6.0
864,https://api.github.com/repos/alanwales/vsts-resharper-code-quality-task,5.0
865,https://api.github.com/repos/psemiletov/drumlabooh,1.0
866,https://api.github.com/repos/JanosGit/Schrammel_OJD,6.0
867,https://api.github.com/repos/WeirdConstructor/Kickmess,5.0
868,https://api.github.com/repos/cschleiden/azure-devops-pr-templates,3.0
869,https://api.github.com/repos/jareddrayton/Audio-Plugin-Development-Resources,29.0
870,https://api.github.com/repos/gjurgensen/Verif_BST,1.0
871,https://api.github.com/repos/t-sin/soyboy-sp.vst3,3.0
872,https://api.github.com/repos/gregormcw/elev8,1.0
873,https://api.github.com/repos/SmEgDm/equalize_it,2.0
874,https://api.github.com/repos/sophiapoirier/destroyfx,10.0
875,https://api.github.com/repos/asb2m10/dexed,128.0
876,https://api.github.com/repos/studiorack/studiorack-template-iplug,2.0
877,https://api.github.com/repos/RetroMaximus/Oversynth,1.0
878,https://api.github.com/repos/gmdworkspace/vsts-build-monitor,0.0
879,https://api.github.com/repos/NathanielRose/Java-App-Service-CI-CD-using-Maven-and-VSTS,2.0
880,https://api.github.com/repos/weaverb/vsts-resource,2.0
881,https://api.github.com/repos/vanderlokken/rust-vst-gui,5.0
882,https://api.github.com/repos/mariusz96/blue-synthesiser,1.0
883,https://api.github.com/repos/jerryuhoo/Fire,14.0
884,https://api.github.com/repos/vihdzp/colimiter,1.0
885,https://api.github.com/repos/enricforn/vsts-tasks,2.0
886,https://api.github.com/repos/icnocop/AzurePipelines.TestLogger,4.0
887,https://api.github.com/repos/mkuron/aupreset-generator,1.0
888,https://api.github.com/repos/celtera/avendish,14.0
889,https://api.github.com/repos/EtienneDeneuve/vsts-for-ops,2.0
890,https://api.github.com/repos/lukemcraig/farkle,3.0
891,https://api.github.com/repos/nyarla/carla-sandboxie-patchset,2.0
892,https://api.github.com/repos/denisliganov/daw36,1.0
893,https://api.github.com/repos/directmusic/DoomVST,1.0
894,https://api.github.com/repos/MikeMorenoDSP/Euklid,5.0
895,https://api.github.com/repos/s-oram/Grace,3.0
896,https://api.github.com/repos/mathieu-benoit/RedHatOpenShiftAndMicrosoftAzureWorkshop,1.0
897,https://api.github.com/repos/benc-uk/azure-devops-core-docker,2.0
898,https://api.github.com/repos/nimbletools/misstortion1,4.0
899,https://api.github.com/repos/vinodkumarys/vsts-widget-pr-ttc,2.0
900,https://api.github.com/repos/spontoreau/rust-azure-devops,2.0
901,https://api.github.com/repos/jsrice7391/PowershellVSTS,2.0
902,https://api.github.com/repos/MethodsAndPractices/vsteam-docs,3.0
903,https://api.github.com/repos/johnfmcrae/NoiseGenerator,1.0
904,https://api.github.com/repos/bamminger/vsts-queue-build,3.0
905,https://api.github.com/repos/igorski/vst-plugin-boilerplate,3.0
906,https://api.github.com/repos/sdeleon28/IgnitionGuitarAmp,2.0
907,https://api.github.com/repos/suzumushi0/SoundObject_source,0.0
