,login,url
0,james34602,https://api.github.com/users/james34602
1,aidv,https://api.github.com/users/aidv
2,TaleTN,https://api.github.com/users/TaleTN
3,ArtemPopof,https://api.github.com/users/ArtemPopof
4,JorgenPo,https://api.github.com/users/JorgenPo
5,maxklint,https://api.github.com/users/maxklint
6,dozius,https://api.github.com/users/dozius
7,p-hlp,https://api.github.com/users/p-hlp
8,codecat,https://api.github.com/users/codecat
9,robbert-vdh,https://api.github.com/users/robbert-vdh
10,jpcima,https://api.github.com/users/jpcima
11,trebmuh,https://api.github.com/users/trebmuh
12,BrunoVernay,https://api.github.com/users/BrunoVernay
13,SpotlightKid,https://api.github.com/users/SpotlightKid
14,Djaugo,https://api.github.com/users/Djaugo
15,SoundDevelopment,https://api.github.com/users/SoundDevelopment
16,sadmemelord,https://api.github.com/users/sadmemelord
17,luca-bondi,https://api.github.com/users/luca-bondi
18,Matteo-Scerbo,https://api.github.com/users/Matteo-Scerbo
19,TobiasKozel,https://api.github.com/users/TobiasKozel
20,mzuther,https://api.github.com/users/mzuther
21,martinic,https://api.github.com/users/martinic
22,uchidama,https://api.github.com/users/uchidama
23,essenbee,https://api.github.com/users/essenbee
24,GrieferPig,https://api.github.com/users/GrieferPig
25,mfisher31,https://api.github.com/users/mfisher31
26,vgorloff,https://api.github.com/users/vgorloff
27,klknn,https://api.github.com/users/klknn
28,Leonidius20,https://api.github.com/users/Leonidius20
29,kcuric,https://api.github.com/users/kcuric
30,asb2m10,https://api.github.com/users/asb2m10
31,olicash,https://api.github.com/users/olicash
32,baconpaul,https://api.github.com/users/baconpaul
33,Sentinel77,https://api.github.com/users/Sentinel77
34,jeremybernstein,https://api.github.com/users/jeremybernstein
35,haenkel,https://api.github.com/users/haenkel
36,showlabor,https://api.github.com/users/showlabor
37,tico-tico,https://api.github.com/users/tico-tico
38,mkruselj,https://api.github.com/users/mkruselj
40,blackjid,https://api.github.com/users/blackjid
41,marklit,https://api.github.com/users/marklit
42,wilzh40,https://api.github.com/users/wilzh40
43,elovian,https://api.github.com/users/elovian
44,luzpaz,https://api.github.com/users/luzpaz
45,matt32106,https://api.github.com/users/matt32106
46,zrna-research,https://api.github.com/users/zrna-research
47,swesterfeld,https://api.github.com/users/swesterfeld
48,onereddogmedia,https://api.github.com/users/onereddogmedia
49,XieJiSS,https://api.github.com/users/XieJiSS
52,Mrugalla,https://api.github.com/users/Mrugalla
53,KottV,https://api.github.com/users/KottV
54,hollance,https://api.github.com/users/hollance
55,lukemcraig,https://api.github.com/users/lukemcraig
56,silver-yar,https://api.github.com/users/silver-yar
57,nathanjhood,https://api.github.com/users/nathanjhood
58,rklogan,https://api.github.com/users/rklogan
59,GiorgosKoulouris,https://api.github.com/users/GiorgosKoulouris
60,attilammagyar,https://api.github.com/users/attilammagyar
61,ZonderP,https://api.github.com/users/ZonderP
62,hzdgopher,https://api.github.com/users/hzdgopher
63,w23,https://api.github.com/users/w23
64,YPares,https://api.github.com/users/YPares
65,gitter-badger,https://api.github.com/users/gitter-badger
66,Iunusov,https://api.github.com/users/Iunusov
67,KevinToodlepoot,https://api.github.com/users/KevinToodlepoot
68,DonStroganotti,https://api.github.com/users/DonStroganotti
69,Henry00IS,https://api.github.com/users/Henry00IS
70,p4thie,https://api.github.com/users/p4thie
71,kesara,https://api.github.com/users/kesara
72,barneyhill,https://api.github.com/users/barneyhill
73,igorski,https://api.github.com/users/igorski
74,xunil-cloud,https://api.github.com/users/xunil-cloud
76,segwin,https://api.github.com/users/segwin
77,almalh,https://api.github.com/users/almalh
78,HamiltonEB,https://api.github.com/users/HamiltonEB
79,Seld17,https://api.github.com/users/Seld17
80,ilamen,https://api.github.com/users/ilamen
81,olivier-pago,https://api.github.com/users/olivier-pago
82,EvaBMilton,https://api.github.com/users/EvaBMilton
84,sdeleon28,https://api.github.com/users/sdeleon28
85,usdivad,https://api.github.com/users/usdivad
86,shaduzlabs,https://api.github.com/users/shaduzlabs
87,notwa,https://api.github.com/users/notwa
88,redtide,https://api.github.com/users/redtide
89,paulfd,https://api.github.com/users/paulfd
90,essej,https://api.github.com/users/essej
91,Lunix-420,https://api.github.com/users/Lunix-420
92,monomadic,https://api.github.com/users/monomadic
93,rijadhubana,https://api.github.com/users/rijadhubana
94,scriptorum,https://api.github.com/users/scriptorum
95,DoomyDwyer,https://api.github.com/users/DoomyDwyer
97,unevens,https://api.github.com/users/unevens
98,adammurdocknh,https://api.github.com/users/adammurdocknh
99,FangCunWuChang,https://api.github.com/users/FangCunWuChang
101,suroge,https://api.github.com/users/suroge
102,hectorbennett,https://api.github.com/users/hectorbennett
103,insomnimus,https://api.github.com/users/insomnimus
104,qbroquetas,https://api.github.com/users/qbroquetas
105,konstice,https://api.github.com/users/konstice
106,hx-ux,https://api.github.com/users/hx-ux
107,DropSnorz,https://api.github.com/users/DropSnorz
108,KaiDrange,https://api.github.com/users/KaiDrange
109,TheTechnobear,https://api.github.com/users/TheTechnobear
110,BLumia,https://api.github.com/users/BLumia
111,JimmyBenKlieve,https://api.github.com/users/JimmyBenKlieve
112,chirs241097,https://api.github.com/users/chirs241097
113,matdombrock,https://api.github.com/users/matdombrock
115,HabzdaBalint,https://api.github.com/users/HabzdaBalint
116,Kareus,https://api.github.com/users/Kareus
117,psemiletov,https://api.github.com/users/psemiletov
118,utokusa,https://api.github.com/users/utokusa
119,sabeiro,https://api.github.com/users/sabeiro
120,EmilianStankov,https://api.github.com/users/EmilianStankov
121,falkTX,https://api.github.com/users/falkTX
122,dromer,https://api.github.com/users/dromer
123,cosinekitty,https://api.github.com/users/cosinekitty
125,Simon-L,https://api.github.com/users/Simon-L
126,zezic,https://api.github.com/users/zezic
127,unlessgames,https://api.github.com/users/unlessgames
128,ctsexton,https://api.github.com/users/ctsexton
129,vitreo12,https://api.github.com/users/vitreo12
130,EnigmaCurry,https://api.github.com/users/EnigmaCurry
131,shimaore,https://api.github.com/users/shimaore
132,foxacid7cd,https://api.github.com/users/foxacid7cd
133,dingodoppelt,https://api.github.com/users/dingodoppelt
134,tpltnt,https://api.github.com/users/tpltnt
135,seven-phases-max,https://api.github.com/users/seven-phases-max
136,midilab,https://api.github.com/users/midilab
137,SimonZimmer,https://api.github.com/users/SimonZimmer
138,johnfmcrae,https://api.github.com/users/johnfmcrae
139,KaixoCode,https://api.github.com/users/KaixoCode
140,Speechrezz,https://api.github.com/users/Speechrezz
141,LeifBloomquist,https://api.github.com/users/LeifBloomquist
142,leomccormack,https://api.github.com/users/leomccormack
143,fukuroder,https://api.github.com/users/fukuroder
144,lucianoiam,https://api.github.com/users/lucianoiam
145,messmerd,https://api.github.com/users/messmerd
146,JamesStubbsEng,https://api.github.com/users/JamesStubbsEng
147,tomto66,https://api.github.com/users/tomto66
148,killbizz,https://api.github.com/users/killbizz
149,maxwellmattryan,https://api.github.com/users/maxwellmattryan
150,dsp-re,https://api.github.com/users/dsp-re
151,SambaGodschynski,https://api.github.com/users/SambaGodschynski
152,reillypascal,https://api.github.com/users/reillypascal
153,pdesaulniers,https://api.github.com/users/pdesaulniers
155,brayschurman,https://api.github.com/users/brayschurman
156,zamaudio,https://api.github.com/users/zamaudio
158,nphilipp,https://api.github.com/users/nphilipp
159,tartina,https://api.github.com/users/tartina
161,johannes-mueller,https://api.github.com/users/johannes-mueller
163,vchernin,https://api.github.com/users/vchernin
164,xuan25,https://api.github.com/users/xuan25
165,blaketeres,https://api.github.com/users/blaketeres
166,strikles,https://api.github.com/users/strikles
167,sophiapoirier,https://api.github.com/users/sophiapoirier
168,tom7,https://api.github.com/users/tom7
171,esaruoho,https://api.github.com/users/esaruoho
172,jarkkojs,https://api.github.com/users/jarkkojs
173,kurasu,https://api.github.com/users/kurasu
174,mvf,https://api.github.com/users/mvf
175,kzantow,https://api.github.com/users/kzantow
176,selenologist,https://api.github.com/users/selenologist
177,itsmedavep,https://api.github.com/users/itsmedavep
178,jatinchowdhury18,https://api.github.com/users/jatinchowdhury18
179,VincyZed,https://api.github.com/users/VincyZed
180,mx,https://api.github.com/users/mx
181,pkstone,https://api.github.com/users/pkstone
182,whydoubt,https://api.github.com/users/whydoubt
185,abique,https://api.github.com/users/abique
186,Andreya-Autumn,https://api.github.com/users/Andreya-Autumn
187,asimilon,https://api.github.com/users/asimilon
188,Kingston1,https://api.github.com/users/Kingston1
190,K0rrid0r,https://api.github.com/users/K0rrid0r
191,Alexander-Zyurkalov,https://api.github.com/users/Alexander-Zyurkalov
192,rghvdberg,https://api.github.com/users/rghvdberg
193,gnac,https://api.github.com/users/gnac
194,tejas1993,https://api.github.com/users/tejas1993
195,Xenakios,https://api.github.com/users/Xenakios
196,narenratan,https://api.github.com/users/narenratan
197,morganholly,https://api.github.com/users/morganholly
198,amyfurniss,https://api.github.com/users/amyfurniss
199,t-sin,https://api.github.com/users/t-sin
202,Squishy47,https://api.github.com/users/Squishy47
203,ffAudio,https://api.github.com/users/ffAudio
204,vallant,https://api.github.com/users/vallant
205,ffDaniel,https://api.github.com/users/ffDaniel
206,stephanvalentan,https://api.github.com/users/stephanvalentan
207,17cupsofcoffee,https://api.github.com/users/17cupsofcoffee
208,sainsay,https://api.github.com/users/sainsay
209,reales,https://api.github.com/users/reales
210,waddafunk,https://api.github.com/users/waddafunk
211,github-actions[bot],https://api.github.com/users/github-actions%5Bbot%5D
212,thezhe,https://api.github.com/users/thezhe
213,samuelebh,https://api.github.com/users/samuelebh
214,GabSpira,https://api.github.com/users/GabSpira
215,fillipp97,https://api.github.com/users/fillipp97
218,JoergBitzer,https://api.github.com/users/JoergBitzer
219,ptablas,https://api.github.com/users/ptablas
220,JosephTLyons,https://api.github.com/users/JosephTLyons
221,anandsshah,https://api.github.com/users/anandsshah
222,Lolitron-0,https://api.github.com/users/Lolitron-0
223,sharki13,https://api.github.com/users/sharki13
224,ales-tsurko,https://api.github.com/users/ales-tsurko
225,vihdzp,https://api.github.com/users/vihdzp
227,DamRsn,https://api.github.com/users/DamRsn
228,tiborvass,https://api.github.com/users/tiborvass
229,trirpi,https://api.github.com/users/trirpi
232,pfeeyatko,https://api.github.com/users/pfeeyatko
233,planaria,https://api.github.com/users/planaria
234,olilarkin,https://api.github.com/users/olilarkin
235,peterrudenko,https://api.github.com/users/peterrudenko
236,ryanpmcguire,https://api.github.com/users/ryanpmcguire
237,christofmuc,https://api.github.com/users/christofmuc
238,Ahornberg,https://api.github.com/users/Ahornberg
239,hfiguiere,https://api.github.com/users/hfiguiere
240,monkeywithacupcake,https://api.github.com/users/monkeywithacupcake
242,Wertzui123,https://api.github.com/users/Wertzui123
243,mariusz96,https://api.github.com/users/mariusz96
245,dependabot[bot],https://api.github.com/users/dependabot%5Bbot%5D
246,Juanmalopezg,https://api.github.com/users/Juanmalopezg
247,flafflar,https://api.github.com/users/flafflar
248,THMS-RA,https://api.github.com/users/THMS-RA
249,ThmsRa,https://api.github.com/users/ThmsRa
250,polarity,https://api.github.com/users/polarity
253,LensPlaysGames,https://api.github.com/users/LensPlaysGames
254,dragonsploder,https://api.github.com/users/dragonsploder
255,mmomentum,https://api.github.com/users/mmomentum
256,Adealeus,https://api.github.com/users/Adealeus
258,marclava,https://api.github.com/users/marclava
259,chris-hld,https://api.github.com/users/chris-hld
260,nmkahlen,https://api.github.com/users/nmkahlen
261,mtmccrea,https://api.github.com/users/mtmccrea
263,ahihi,https://api.github.com/users/ahihi
264,cvde,https://api.github.com/users/cvde
271,johncollinson2001,https://api.github.com/users/johncollinson2001
272,szkkng,https://api.github.com/users/szkkng
273,greatest-ape,https://api.github.com/users/greatest-ape
274,haszari,https://api.github.com/users/haszari
275,hsetlik,https://api.github.com/users/hsetlik
277,maoule,https://api.github.com/users/maoule
278,dmultiply,https://api.github.com/users/dmultiply
279,ddf,https://api.github.com/users/ddf
280,valsteen,https://api.github.com/users/valsteen
281,JacobACan,https://api.github.com/users/JacobACan
282,ntomassetti,https://api.github.com/users/ntomassetti
284,ChaseDurand,https://api.github.com/users/ChaseDurand
287,ypujante,https://api.github.com/users/ypujante
288,bubblefrog,https://api.github.com/users/bubblefrog
289,mightynerd,https://api.github.com/users/mightynerd
290,VirtualRaven,https://api.github.com/users/VirtualRaven
291,BunnyFiscuit,https://api.github.com/users/BunnyFiscuit
292,enlitengas,https://api.github.com/users/enlitengas
293,Bleakill,https://api.github.com/users/Bleakill
294,s-oram,https://api.github.com/users/s-oram
295,FigBug,https://api.github.com/users/FigBug
296,chrigervi,https://api.github.com/users/chrigervi
297,T0NIT0RMX,https://api.github.com/users/T0NIT0RMX
298,rorywalsh,https://api.github.com/users/rorywalsh
299,werman,https://api.github.com/users/werman
300,theglobe,https://api.github.com/users/theglobe
301,lkiesow,https://api.github.com/users/lkiesow
302,lawl,https://api.github.com/users/lawl
303,miyagui,https://api.github.com/users/miyagui
304,THS-on,https://api.github.com/users/THS-on
305,clefru,https://api.github.com/users/clefru
306,lnicola,https://api.github.com/users/lnicola
307,nozomimiyamori,https://api.github.com/users/nozomimiyamori
308,orowith2os,https://api.github.com/users/orowith2os
309,poettig,https://api.github.com/users/poettig
310,con-f-use,https://api.github.com/users/con-f-use
311,GiustiRo,https://api.github.com/users/GiustiRo
312,caleqw2,https://api.github.com/users/caleqw2
313,ajboni,https://api.github.com/users/ajboni
314,fpesari,https://api.github.com/users/fpesari
316,magnetophon,https://api.github.com/users/magnetophon
317,kant,https://api.github.com/users/kant
318,KaiMikkelsen,https://api.github.com/users/KaiMikkelsen
319,iv-m,https://api.github.com/users/iv-m
320,mwicat,https://api.github.com/users/mwicat
321,NeelKanth333,https://api.github.com/users/NeelKanth333
322,phoracek,https://api.github.com/users/phoracek
323,codesee-maps[bot],https://api.github.com/users/codesee-maps%5Bbot%5D
324,jthorborg,https://api.github.com/users/jthorborg
325,ABSounds,https://api.github.com/users/ABSounds
326,vvvar,https://api.github.com/users/vvvar
327,gregkare,https://api.github.com/users/gregkare
328,gregormcw,https://api.github.com/users/gregormcw
329,JohT,https://api.github.com/users/JohT
330,renovate[bot],https://api.github.com/users/renovate%5Bbot%5D
331,jerryuhoo,https://api.github.com/users/jerryuhoo
332,crowbait,https://api.github.com/users/crowbait
333,MikeMorenoDSP,https://api.github.com/users/MikeMorenoDSP
336,johanLsp,https://api.github.com/users/johanLsp
337,rm8x,https://api.github.com/users/rm8x
338,YeshiNamkhai,https://api.github.com/users/YeshiNamkhai
339,davemollen,https://api.github.com/users/davemollen
340,dmollen,https://api.github.com/users/dmollen
343,RBLG,https://api.github.com/users/RBLG
344,Archie3d,https://api.github.com/users/Archie3d
345,kmturley,https://api.github.com/users/kmturley
346,david6983,https://api.github.com/users/david6983
347,michaelwillis,https://api.github.com/users/michaelwillis
351,dvzrv,https://api.github.com/users/dvzrv
352,snd1,https://api.github.com/users/snd1
354,hannesbraun,https://api.github.com/users/hannesbraun
355,TimoSalomaki,https://api.github.com/users/TimoSalomaki
356,Zadagu,https://api.github.com/users/Zadagu
357,theGreatWhiteShark,https://api.github.com/users/theGreatWhiteShark
358,vertver,https://api.github.com/users/vertver
359,Cyril-Meyer,https://api.github.com/users/Cyril-Meyer
360,TheAvalanche,https://api.github.com/users/TheAvalanche
363,varlen,https://api.github.com/users/varlen
364,dchan3,https://api.github.com/users/dchan3
365,gamingrobot,https://api.github.com/users/gamingrobot
373,r-value,https://api.github.com/users/r-value
374,cpdt,https://api.github.com/users/cpdt
375,Fire-wood,https://api.github.com/users/Fire-wood
376,jwharrie,https://api.github.com/users/jwharrie
377,datajake1999,https://api.github.com/users/datajake1999
378,TheQuinbox,https://api.github.com/users/TheQuinbox
380,Spiffyk,https://api.github.com/users/Spiffyk
381,marekjedrzejewski,https://api.github.com/users/marekjedrzejewski
383,astra137,https://api.github.com/users/astra137
384,AnClark,https://api.github.com/users/AnClark
385,likelian,https://api.github.com/users/likelian
386,soerensen3,https://api.github.com/users/soerensen3
388,Emmet-Hayes,https://api.github.com/users/Emmet-Hayes
389,mpusch88,https://api.github.com/users/mpusch88
391,JanosGit,https://api.github.com/users/JanosGit
392,LGoodacre,https://api.github.com/users/LGoodacre
393,stfufane,https://api.github.com/users/stfufane
395,patriceguyot,https://api.github.com/users/patriceguyot
396,joshua-maros,https://api.github.com/users/joshua-maros
397,krmnn,https://api.github.com/users/krmnn
399,atsushieno,https://api.github.com/users/atsushieno
401,alexyer,https://api.github.com/users/alexyer
402,apohl79,https://api.github.com/users/apohl79
403,toasty-ghost,https://api.github.com/users/toasty-ghost
404,tgalpha,https://api.github.com/users/tgalpha
406,MeijisIrlnd,https://api.github.com/users/MeijisIrlnd
407,Husenap,https://api.github.com/users/Husenap
408,HarrisonBubbles,https://api.github.com/users/HarrisonBubbles
409,jessica-luo,https://api.github.com/users/jessica-luo
410,imchristina,https://api.github.com/users/imchristina
411,crsaracco,https://api.github.com/users/crsaracco
412,bartoszOsn,https://api.github.com/users/bartoszOsn
413,DBraun,https://api.github.com/users/DBraun
415,RickTaylor79,https://api.github.com/users/RickTaylor79
416,OlliV,https://api.github.com/users/OlliV
419,xyproto,https://api.github.com/users/xyproto
420,LeStahL,https://api.github.com/users/LeStahL
421,petersalomonsen,https://api.github.com/users/petersalomonsen
422,kebby,https://api.github.com/users/kebby
425,Firedude1,https://api.github.com/users/Firedude1
427,MichaelBokatius,https://api.github.com/users/MichaelBokatius
428,RickBn,https://api.github.com/users/RickBn
429,rehans,https://api.github.com/users/rehans
430,wolf-tickets,https://api.github.com/users/wolf-tickets
431,alxtim10,https://api.github.com/users/alxtim10
433,eulmour,https://api.github.com/users/eulmour
435,emanuelemessina,https://api.github.com/users/emanuelemessina
436,nberr,https://api.github.com/users/nberr
437,jcfischer,https://api.github.com/users/jcfischer
438,ashokfernandez,https://api.github.com/users/ashokfernandez
442,x42,https://api.github.com/users/x42
443,reidevries,https://api.github.com/users/reidevries
444,unfa,https://api.github.com/users/unfa
445,Flixor,https://api.github.com/users/Flixor
446,defuse,https://api.github.com/users/defuse
447,defrankland,https://api.github.com/users/defrankland
448,fredguest,https://api.github.com/users/fredguest
450,trummerschlunk,https://api.github.com/users/trummerschlunk
454,AlexW00,https://api.github.com/users/AlexW00
455,nickdowell,https://api.github.com/users/nickdowell
456,nixxcode,https://api.github.com/users/nixxcode
457,koernepr,https://api.github.com/users/koernepr
459,drobilla,https://api.github.com/users/drobilla
460,nobrakal,https://api.github.com/users/nobrakal
461,audetto,https://api.github.com/users/audetto
462,schnitzeltony,https://api.github.com/users/schnitzeltony
463,georgkrause,https://api.github.com/users/georgkrause
465,badshah400,https://api.github.com/users/badshah400
466,0mk,https://api.github.com/users/0mk
467,alessio,https://api.github.com/users/alessio
468,City-busz,https://api.github.com/users/City-busz
471,bgergely0,https://api.github.com/users/bgergely0
473,gwilherm,https://api.github.com/users/gwilherm
474,jesselang,https://api.github.com/users/jesselang
475,rikardfalkeborn,https://api.github.com/users/rikardfalkeborn
476,alarixnia,https://api.github.com/users/alarixnia
478,FilipeChagasDev,https://api.github.com/users/FilipeChagasDev
479,ChromaticIsobar,https://api.github.com/users/ChromaticIsobar
480,morukutsu,https://api.github.com/users/morukutsu
485,theuser27,https://api.github.com/users/theuser27
486,WeirdConstructor,https://api.github.com/users/WeirdConstructor
487,StunnedByMusic,https://api.github.com/users/StunnedByMusic
488,suzumushi0,https://api.github.com/users/suzumushi0
489,artfwo,https://api.github.com/users/artfwo
492,hwakimoto,https://api.github.com/users/hwakimoto
493,Mc-Zen,https://api.github.com/users/Mc-Zen
494,jokiesinger,https://api.github.com/users/jokiesinger
495,johannkipping,https://api.github.com/users/johannkipping
496,stez-mind,https://api.github.com/users/stez-mind
497,shdrmr,https://api.github.com/users/shdrmr
499,iamtakingithard,https://api.github.com/users/iamtakingithard
500,tobiashienzsch,https://api.github.com/users/tobiashienzsch
501,canokaue,https://api.github.com/users/canokaue
502,azur1s,https://api.github.com/users/azur1s
503,njazz,https://api.github.com/users/njazz
504,rickgiantsteps,https://api.github.com/users/rickgiantsteps
509,aliefhooghe,https://api.github.com/users/aliefhooghe
511,jonkerj,https://api.github.com/users/jonkerj
513,khrykin,https://api.github.com/users/khrykin
514,hotwatermorning,https://api.github.com/users/hotwatermorning
516,michael-truscott,https://api.github.com/users/michael-truscott
517,Mg32,https://api.github.com/users/Mg32
518,almostdefinitelycode,https://api.github.com/users/almostdefinitelycode
519,prof-spock,https://api.github.com/users/prof-spock
521,tparker48,https://api.github.com/users/tparker48
