,repository_url,commits_number,contributors_number
0,https://api.github.com/repos/FilipeChagasDev/FClipper-plugin,11,0
1,https://api.github.com/repos/melezhik/sparrowdo-vsts-build,16,0
2,https://api.github.com/repos/microsoft/azure-devops-python-api,392,13
3,https://api.github.com/repos/p4thie/esc,15,0
4,https://api.github.com/repos/alanwales/vsts-resharper-code-quality-task,40,4
5,https://api.github.com/repos/jthorborg/signalizer,300,0
6,https://api.github.com/repos/tomtom-international/azure-pipeline-templates,27,3
7,https://api.github.com/repos/javierescobare/PetProjectTests,6,0
8,https://api.github.com/repos/SpotlightKid/midiomatic,92,2
9,https://api.github.com/repos/blackboxdsp/phantom,335,0
10,https://api.github.com/repos/onlyutkarsh/ExtensionDownloadMonitorWidget,2,0
11,https://api.github.com/repos/pardinensis/useless_reverb,6,0
12,https://api.github.com/repos/carlowahlstedt/NewmanPostman_VSTS_Task,197,14
13,https://api.github.com/repos/igorski/rechoir,21,0
14,https://api.github.com/repos/ArdenButterfield/Fish-backup,8,0
15,https://api.github.com/repos/hsetlik/HexFm,78,0
16,https://api.github.com/repos/wenwu449/vsts-pr-reviewer,2,0
17,https://api.github.com/repos/alxtim10/AngklungBeats,5,0
18,https://api.github.com/repos/OSRTeam/OpenSoundRefenation,12,0
19,https://api.github.com/repos/sfztools/sfizz-ui,51,2
20,https://api.github.com/repos/SanJacobs/filmstripper,26,0
21,https://api.github.com/repos/geeklearningio/gl-vsts-tasks-inception,45,0
22,https://api.github.com/repos/stfufane/Midi-Transposer,99,0
23,https://api.github.com/repos/carlowahlstedt/7zip_VSTS_Task,16,2
24,https://api.github.com/repos/TobiasKozel/GuitarD,513,0
25,https://api.github.com/repos/kushview/roboverb,104,0
26,https://api.github.com/repos/progwolff/performer,381,0
27,https://api.github.com/repos/hotwatermorning/Vst3SampleHost,475,2
28,https://api.github.com/repos/defuse/vst_plugin,3,0
29,https://api.github.com/repos/OdysseasKr/synth1-dataset,19,0
30,https://api.github.com/repos/cake-contrib/Cake.BuildSystems.Module,238,12
31,https://api.github.com/repos/alexyer/digidist,1,0
32,https://api.github.com/repos/utokusa/BiquadLimiter,15,0
33,https://api.github.com/repos/mzuther/traKmeter,394,0
34,https://api.github.com/repos/sadmemelord/QuasoLocalizationPanner,30,0
35,https://api.github.com/repos/jareddrayton/Audio-Plugin-Development-Resources,45,2
36,https://api.github.com/repos/vvvar/PeakEater,102,2
37,https://api.github.com/repos/haszari/PhraseSyncPlugins,40,0
38,https://api.github.com/repos/VirtualRaven/KandVST,592,6
39,https://api.github.com/repos/4ux-nbIx/posh-git-workflow,10,0
40,https://api.github.com/repos/Masahigo/sitecore-azure-devops,26,0
41,https://api.github.com/repos/TailyFair/vstoy,11,0
42,https://api.github.com/repos/PureRandom/VstsCoverCoverageExtension,12,0
43,https://api.github.com/repos/geeklearningio/gl-vsts-tasks-files,15,2
44,https://api.github.com/repos/Dimethoxy/Plasma,122,2
45,https://api.github.com/repos/sabeiro/McAmp,17,0
46,https://api.github.com/repos/HoussemDellai/MvcAppWithDatabase,4,0
47,https://api.github.com/repos/paulgmiller/vstsdockerbuild,44,3
48,https://api.github.com/repos/vertver/Dynation,6,0
49,https://api.github.com/repos/Mg32/SymmetricPingPongDelay,6,0
50,https://api.github.com/repos/MichaelBokatius/BlissBox,7,0
51,https://api.github.com/repos/geekosdawproject/geekosdaw-issues,10,2
52,https://api.github.com/repos/StoneyDSP/Biquads,284,0
53,https://api.github.com/repos/sainsay/AudioPlugins,8,0
54,https://api.github.com/repos/JacobHenner/puppet-azure_pipelines,18,0
55,https://api.github.com/repos/stpatrick2016/mql5-compiler,42,0
56,https://api.github.com/repos/sjwaight/funcs-cd-demo,14,0
57,https://api.github.com/repos/lukemcraig/OvertoneFilter,199,0
58,https://api.github.com/repos/gmoe/learning-dsp,40,2
59,https://api.github.com/repos/jkruza/DevOpsDashboard,12,2
60,https://api.github.com/repos/Geonkick-Synthesizer/geonkick,1201,0
61,https://api.github.com/repos/JosephTLyons/SimplEQ,16,0
62,https://api.github.com/repos/sourc3array/808TK,80,0
63,https://api.github.com/repos/toasty-ghost/ASE_KM_Caverb,13,0
64,https://api.github.com/repos/semantic-release/env-ci,285,24
65,https://api.github.com/repos/joaoasrosa/azuredevops-pipeline-container,13,0
66,https://api.github.com/repos/frontporch/fp-vsts-agent,34,0
67,https://api.github.com/repos/n3rd/azure-devops-build-agent,3,0
68,https://api.github.com/repos/tobania/VSTS.Extension.SqlReportingServices,52,4
69,https://api.github.com/repos/fukuroder/BLIT-based_sinewave_hardsync,113,0
70,https://api.github.com/repos/jeffpriz/vsts-release-web-test,38,2
71,https://api.github.com/repos/Durun/vst3kotlin,450,2
72,https://api.github.com/repos/studiorack/studiorack-site,206,0
73,https://api.github.com/repos/LeCantaloop/Qwiq.Extensions,6,3
74,https://api.github.com/repos/blurkk/symbiosis-au-vst-2,27,2
75,https://api.github.com/repos/janne808/GoVST,9,0
76,https://api.github.com/repos/cschleiden/azure-devops-pr-templates,27,2
77,https://api.github.com/repos/snuziale/vsts-open-in-excel,26,4
78,https://api.github.com/repos/DISTRHO/Cardinal,1693,14
79,https://api.github.com/repos/wahyuen/angular4-vsts-integration,48,0
80,https://api.github.com/repos/dozius/DtBlkFx,9,0
81,https://api.github.com/repos/szkkng/simple-reverb,140,2
82,https://api.github.com/repos/ostreifel/vsts-rest-multivalue,89,7
83,https://api.github.com/repos/ramirezd42/vst-js,87,0
84,https://api.github.com/repos/mathieu-benoit/asp-dot-net-core-on-azure-web-app,151,0
85,https://api.github.com/repos/no23reason/jest-trx-results-processor,839,11
86,https://api.github.com/repos/studiorack/studiorack-template-iplug,52,0
87,https://api.github.com/repos/SpotlightKid/transportgate,16,0
88,https://api.github.com/repos/blaketeres/Boomerang-Delay-Plugin-VST-AU-,5,0
89,https://api.github.com/repos/sonosaurus/sonobus,629,7
90,https://api.github.com/repos/peterM/Team-Foundation-Server-Photo-Uploader,19,0
91,https://api.github.com/repos/SpotlightKid/dfzitarev1,34,0
92,https://api.github.com/repos/osowskit/microsoft-github-app-extension,63,0
93,https://api.github.com/repos/StunnedByMusic/LatencySpy,7,0
94,https://api.github.com/repos/trummerschlunk/master_me,330,5
95,https://api.github.com/repos/swesterfeld/spectmorph,4797,5
96,https://api.github.com/repos/dotinspiredby/LaplandSynthVst_Cpp,1,0
97,https://api.github.com/repos/CLAW1200/LaunchpadMK2-VoiceMeeter,30,0
98,https://api.github.com/repos/reillypascal/RSBrokenMedia,56,0
99,https://api.github.com/repos/GiustiRo/kbrAirBoost,9,0
100,https://api.github.com/repos/theuser27/Complex,26,0
101,https://api.github.com/repos/yamadapc/augmented-audio,2990,2
102,https://api.github.com/repos/melezhik/sparrowdo-vsts-angular-build,6,0
103,https://api.github.com/repos/Emmet-Hayes/HayesPlugins,63,0
104,https://api.github.com/repos/kcuric/kodiak,21,0
105,https://api.github.com/repos/chrigervi/Orpheus,61,0
106,https://api.github.com/repos/dmultiply/Klide,26,2
107,https://api.github.com/repos/brayschurman/venue,11,0
108,https://api.github.com/repos/patriceguyot/ComposeSiren,51,0
109,https://api.github.com/repos/Kirby01/AutoLevel2-VST3-Juce,140,0
110,https://api.github.com/repos/nberr/juce-template,105,2
111,https://api.github.com/repos/mtiid/chuck-racks,167,5
112,https://api.github.com/repos/EchoInMirror/EchoInMirror,297,6
113,https://api.github.com/repos/ostreifel/vsts-contributions,248,6
114,https://api.github.com/repos/lequietriot/Prepared-Sample-Collections-Piano-Volume,16,0
115,https://api.github.com/repos/SherifElMahdi/DevOpsDays,3,0
116,https://api.github.com/repos/mathieu-benoit/DevOpsOnAzureLab,70,0
117,https://api.github.com/repos/DrPeaboss/vst3-pas,3,0
118,https://api.github.com/repos/lisardggY/VSTS.PullRequestMonitor,20,0
119,https://api.github.com/repos/wolf-plugins/wolf-shaper,487,6
120,https://api.github.com/repos/KDISim/CheckConsolidate,17,2
121,https://api.github.com/repos/NOALVO/verdaccio-vsts,9,2
122,https://api.github.com/repos/Flixor/IRBaboon,120,0
123,https://api.github.com/repos/mmcdermott1/FroYo,6,0
124,https://api.github.com/repos/cvde/RoomReverb,41,0
125,https://api.github.com/repos/NiknakSi/Certiply,11,0
126,https://api.github.com/repos/silver-yar/ap_sampler,65,0
127,https://api.github.com/repos/AssureCare/team-services-tools,15,0
128,https://api.github.com/repos/RicardoZambon/devops-markdown-text-control,34,2
129,https://api.github.com/repos/monocasual/giada,3925,22
130,https://api.github.com/repos/vtbassmatt/hackathon-ci-yaml-schema,33,0
131,https://api.github.com/repos/xelarep/GPpyTools,9,0
132,https://api.github.com/repos/VolantisDev/node-vst-guide,5,0
133,https://api.github.com/repos/WeirdConstructor/Kickmess,309,2
134,https://api.github.com/repos/HoussemDellai/PerfectBody-DevOps,35,0
135,https://api.github.com/repos/melezhik/sparrowdo-vsts-msbuild,8,0
136,https://api.github.com/repos/valsteen/note_effects_vst,74,0
137,https://api.github.com/repos/RBLG/Grapher,79,0
138,https://api.github.com/repos/POTR-Soft/Chord-Filter,22,3
139,https://api.github.com/repos/microsoft/MCW-Mobile-app-innovation,62,11
140,https://api.github.com/repos/ostreifel/Pull-Request-Search,151,6
141,https://api.github.com/repos/flosstudio/flosstudio,4,2
142,https://api.github.com/repos/johnfmcrae/NoiseGenerator,19,0
143,https://api.github.com/repos/aloisdeniel/vsts-flutter-tasks,60,8
144,https://api.github.com/repos/dsp-re/suzirya,1,0
145,https://api.github.com/repos/mmomentum/dopplerjuce,44,2
146,https://api.github.com/repos/TheLazyGeekGuy/DIY-Waves-Soundgrid-Server,52,0
147,https://api.github.com/repos/jsrice7391/PowershellVSTS,1,0
148,https://api.github.com/repos/stephanebachelier/inline-coverage-styles,52,0
149,https://api.github.com/repos/thezhe/PLUG-QA,29,0
150,https://api.github.com/repos/p-o-l-e/spiro,38,0
151,https://api.github.com/repos/fabriciogd/VSTSBot,2,0
152,https://api.github.com/repos/cyanit/vital-presets,2,0
153,https://api.github.com/repos/johanLsp/Milion,72,0
154,https://api.github.com/repos/Continuous-Data/MSSQL-CICD-Helper,117,0
155,https://api.github.com/repos/wtrsltnk/vsthost,85,0
156,https://api.github.com/repos/tobanteAudio/juce-6-demo,96,0
157,https://api.github.com/repos/scale-tone/AzFunc4DevOps,78,0
158,https://api.github.com/repos/MethodsAndPractices/vsteam,932,59
159,https://api.github.com/repos/ostreifel/ping,61,3
160,https://api.github.com/repos/benmatselby/donny,155,2
161,https://api.github.com/repos/mkuron/aupreset-generator,8,0
162,https://api.github.com/repos/isabelgk/juce-conan-cookiecutter,5,0
163,https://api.github.com/repos/ostreifel/Zen-Form,114,3
164,https://api.github.com/repos/GiorgosKoulouris/DeCoderPlugin,3,0
165,https://api.github.com/repos/benmatselby/frost,79,2
166,https://api.github.com/repos/olive-editor/olive,6613,55
167,https://api.github.com/repos/reillypascal/RSAlgorithmicVerb,50,0
168,https://api.github.com/repos/bartoszOsn/FuzzTeeth,35,0
169,https://api.github.com/repos/J0rgeSerran0/Decent-Sampler-Samples,232,0
170,https://api.github.com/repos/uchidama/WhiteNoiseSynthPluginEx,2,0
171,https://api.github.com/repos/vanderlokken/rust-vst-gui,12,2
172,https://api.github.com/repos/edwardkuo/DeleteVSTSPackage,5,0
173,https://api.github.com/repos/TobiasKozel/rektifier,8,0
174,https://api.github.com/repos/wufe/tfc,5,0
175,https://api.github.com/repos/n13org/GetFullfilenameOf,26,0
176,https://api.github.com/repos/JoergBitzer/JadeSpectrogram,29,0
177,https://api.github.com/repos/malstrom72/microtonic-scripts-sdk,15,0
178,https://api.github.com/repos/samuelebh/Magic-Chorus,25,3
179,https://api.github.com/repos/sunquan8094/Krush3x,8,0
180,https://api.github.com/repos/alejandro5042/azdo-userscripts,362,14
181,https://api.github.com/repos/Kasunjith-Bimal/Titan,59,0
182,https://api.github.com/repos/imchristina/piano,58,2
183,https://api.github.com/repos/WrongPeople/JustRepeat,2,0
184,https://api.github.com/repos/mzuther/Squeezer,463,0
185,https://api.github.com/repos/vNemesis/vsts-filter-pr,5,0
186,https://api.github.com/repos/marceloavf/digitalocean-tools-vsts,151,6
187,https://api.github.com/repos/pongasoft/vst-sam-spl-64,181,0
188,https://api.github.com/repos/swellaby/vsts-agents,8,0
189,https://api.github.com/repos/DoomyDwyer/ASPiKProjects,177,0
190,https://api.github.com/repos/Mrugalla/NEL-19,193,2
191,https://api.github.com/repos/lenisha/vsts-terraform-ansible,48,0
192,https://api.github.com/repos/ethomson/probot-azure-pipelines,24,3
193,https://api.github.com/repos/WindowsNT/pianoroll,10,0
194,https://api.github.com/repos/microsoft/AzureDevOps-WSJF-Extension,53,7
195,https://api.github.com/repos/microsoft/vss-web-extension-sdk,124,11
196,https://api.github.com/repos/shaycy/tfs-ng-app,5,3
197,https://api.github.com/repos/kushview/element,3532,12
198,https://api.github.com/repos/pierreguillot/Camomile,1663,5
199,https://api.github.com/repos/steeelydan/js2eel,46,0
200,https://api.github.com/repos/monomadic/dd-core,83,0
201,https://api.github.com/repos/AdamPaternostro/Azure-Dev-Ops-Single-CI-CD-Dev-To-Production-Pipeline,11,0
202,https://api.github.com/repos/EngageSoftware/jscs-reporter-vso,26,5
203,https://api.github.com/repos/Squishy47/OpenVerb,4,0
204,https://api.github.com/repos/kshyju/VSTS-RecentCodeCommits,17,0
205,https://api.github.com/repos/geeklearningio/gl-vsts-tasks-semver,20,2
206,https://api.github.com/repos/JacobACan/RGBA-Synth,144,0
207,https://api.github.com/repos/cklutz/my-vsts-tasks,27,0
208,https://api.github.com/repos/geeklearningio/gl-vsts-tasks-file-patch,112,4
209,https://api.github.com/repos/BerserkerDotNet/VSTS.Net,56,2
210,https://api.github.com/repos/nosinovacao/vsts_exporter,1,0
211,https://api.github.com/repos/YPares/arpligner,82,2
212,https://api.github.com/repos/jesnor/vst3-rs,27,0
213,https://api.github.com/repos/renattomartins/asd-dev-clean-code,15,0
214,https://api.github.com/repos/devbym/w.enable.vst,2,0
215,https://api.github.com/repos/assemblu/Apalis,5,0
216,https://api.github.com/repos/hotwatermorning/Terra,399,2
217,https://api.github.com/repos/utokusa/OS-251,319,2
218,https://api.github.com/repos/GModal/AUCOP,142,0
219,https://api.github.com/repos/jlandersen/vscode-vsts-build-status,77,3
220,https://api.github.com/repos/kasunkv/build-and-release-pipeline,4,0
221,https://api.github.com/repos/canokaue/azr3-mac,18,0
222,https://api.github.com/repos/teddywilson/madrona-patch-scraper,17,0
223,https://api.github.com/repos/ddf/evaluator,300,0
224,https://api.github.com/repos/theoteno/A-certain-scientific-Vital-preset,12,0
225,https://api.github.com/repos/LibreArp/homebrew-librearp,21,0
226,https://api.github.com/repos/forart/HyMPS,667,0
227,https://api.github.com/repos/BLumia/PineappleSynth,38,3
228,https://api.github.com/repos/knom/VSTSMailer,7,0
229,https://api.github.com/repos/DrJohnT/PublishDacPac,43,0
230,https://api.github.com/repos/austensatterlee/VOSIMSynth,354,0
231,https://api.github.com/repos/petersendev/vsts-advanced-smoke,8,0
232,https://api.github.com/repos/TFSDSC/xTfsDscAgent,23,2
233,https://api.github.com/repos/tonylazarew/live-plugins-usage,4,0
234,https://api.github.com/repos/chipnertkj/chipbox,40,0
235,https://api.github.com/repos/CccrizzZ/Projucer-Projects,8,0
236,https://api.github.com/repos/njazz/cloudseed-juce,4,0
237,https://api.github.com/repos/shaduzlabs/throb,26,0
238,https://api.github.com/repos/linuxmao-org/VL1-emulator,81,0
239,https://api.github.com/repos/Chowdhury-DSP/ChowMatrix,214,4
240,https://api.github.com/repos/anderseklov/SFZ-to-HISE-converter,6,0
241,https://api.github.com/repos/tfsaggregator/tfsaggregator,638,10
242,https://api.github.com/repos/morukutsu/ParisHarmony,14,0
243,https://api.github.com/repos/enricforn/vsts-tasks,20,2
244,https://api.github.com/repos/elk-audio/faust-vst-template,5,0
245,https://api.github.com/repos/RickBn/reDroidFlux,9,0
246,https://api.github.com/repos/follower/vst-bridge-ladspa-mac,1,0
247,https://api.github.com/repos/alhardy/vsts-tasks,13,0
248,https://api.github.com/repos/medusalix/MiniVST,2,0
249,https://api.github.com/repos/igorski/homecorrupter,34,0
250,https://api.github.com/repos/justjavac/deno-ci,25,2
251,https://api.github.com/repos/kohoutech/Audion,52,0
252,https://api.github.com/repos/sergree/matchering-cli,32,0
253,https://api.github.com/repos/crowbait/GnomeDistort,57,0
254,https://api.github.com/repos/seven-phases/spectrum-analyzer,35,0
255,https://api.github.com/repos/microsoft/vsts-extension-color-control,88,14
256,https://api.github.com/repos/Kirby01/WaveShaper-VST3-Juce,2,0
257,https://api.github.com/repos/peterM/TFS-Iteration-Creator,3,0
258,https://api.github.com/repos/LIMUNIMI/pycarla,94,3
259,https://api.github.com/repos/morukutsu/LondonClockT,28,2
260,https://api.github.com/repos/harunhasdal/vsts-pr-monitor-chrome,51,3
261,https://api.github.com/repos/SkyeHoefling/VSTS-Build-Task-Sample,6,0
262,https://api.github.com/repos/likelian/Repeator,120,0
263,https://api.github.com/repos/TyGuS/ssl-vst,17,2
264,https://api.github.com/repos/pipelined/vst2,382,5
265,https://api.github.com/repos/MyBlackMIDIScore/CathanConcertGrand,13,0
266,https://api.github.com/repos/rcoenmans/vsts-client,60,3
267,https://api.github.com/repos/vocalodon/VocalodonVST,8,0
268,https://api.github.com/repos/DropSnorz/OwlPlug,685,3
269,https://api.github.com/repos/kamranayub/xTFSGitLFSFile,1,0
270,https://api.github.com/repos/aliefhooghe/Gammou,813,0
271,https://api.github.com/repos/MikeMorenoDSP/Euklid,2,0
272,https://api.github.com/repos/Mg32/vst_csm,16,0
273,https://api.github.com/repos/tonal-glyph/tgtracker,71,5
274,https://api.github.com/repos/amariichi/chip32fxb2wav,2,0
275,https://api.github.com/repos/rfennell/AzureDevOpsServiceHookDsl,50,2
276,https://api.github.com/repos/mmcdermott1/Morphology,5,0
277,https://api.github.com/repos/up2pixy/VSTS_Attachement_Downloader,8,0
278,https://api.github.com/repos/studiorack/studiorack-template-juce,58,0
279,https://api.github.com/repos/SpotlightKid/ykchorus,60,2
280,https://api.github.com/repos/sdeleon28/IgnitionGuitarAmp,106,0
281,https://api.github.com/repos/mmajcica/DeploySsrs,63,8
282,https://api.github.com/repos/celtera/avendish,420,4
283,https://api.github.com/repos/lyjia/lyjia-presets,13,0
284,https://api.github.com/repos/polimi-ispl/ebeamer,300,2
285,https://api.github.com/repos/ashishrajsrivastava/MyDevOps,76,0
286,https://api.github.com/repos/vihdzp/colimiter,5,0
287,https://api.github.com/repos/icnocop/AzurePipelines.TestLogger,58,3
288,https://api.github.com/repos/mmanela/vsts-workitem-recentlyviewed,57,2
289,https://api.github.com/repos/nberr/MidiDupTracker,2,0
290,https://api.github.com/repos/Juanmalopezg/smooth-distortion,12,0
291,https://api.github.com/repos/hectorbennett/hecto-drive,17,0
292,https://api.github.com/repos/gjurgensen/Verif_BST,15,0
293,https://api.github.com/repos/t-sin/soyboy-sp.vst3,603,0
294,https://api.github.com/repos/EtienneDeneuve/vsts-for-ops,5,0
295,https://api.github.com/repos/Krasjet/imgui_juce,18,0
296,https://api.github.com/repos/unevens/Curvessor,165,0
297,https://api.github.com/repos/sdavis3/code-coverage-widgets,42,0
298,https://api.github.com/repos/martindylan/pmatrix,23,0
299,https://api.github.com/repos/rondinif/pipeline-typescript,8,0
300,https://api.github.com/repos/sunquan8094/overtonix,11,0
301,https://api.github.com/repos/almostdefinitelycode/DCOffsetter,5,0
302,https://api.github.com/repos/schroffl/zig-vst,31,0
303,https://api.github.com/repos/arnts/ripples-service,12,0
304,https://api.github.com/repos/prof-spock/SoX-Plugins,13,0
305,https://api.github.com/repos/joshua-maros/audiobench,582,0
306,https://api.github.com/repos/microsoft/process-migrator,35,13
307,https://api.github.com/repos/pongasoft/jamba-sample-gain,49,0
308,https://api.github.com/repos/patricklyte/SymphonieFx,32,0
309,https://api.github.com/repos/MeijisIrlnd/Transfer,87,0
310,https://api.github.com/repos/safiire/kitty_synth_vst,2,0
311,https://api.github.com/repos/tfsaggregator/aggregator-cli,436,11
312,https://api.github.com/repos/RXCommunica/rx-azuredevops-rest,28,0
313,https://api.github.com/repos/gmoe/vst-cmake,4,0
314,https://api.github.com/repos/denpalrius/flutter-vsts,14,0
315,https://api.github.com/repos/xivilay/chord-recognition,39,0
316,https://api.github.com/repos/lukemcraig/DAFx19-Gamelanizer,17,2
317,https://api.github.com/repos/julienstroheker/loadimpact-vsts-extension,9,0
318,https://api.github.com/repos/Kareus/ABit,3,0
319,https://api.github.com/repos/olilarkin/wdl-ol,4077,13
320,https://api.github.com/repos/martindylan/roads,19,0
321,https://api.github.com/repos/ptablas/M-S-Echottage,46,0
322,https://api.github.com/repos/lukemcraig/PathSynth,121,0
323,https://api.github.com/repos/geeklearningio/gl-vsts-tasks-azure,159,8
324,https://api.github.com/repos/nilaydshah/MochaTypescriptTest-101,21,0
325,https://api.github.com/repos/jpcima/string-machine,143,2
326,https://api.github.com/repos/davemollen/dm-GrainDelay,178,4
327,https://api.github.com/repos/AuburnSounds/Dplug,3164,16
328,https://api.github.com/repos/AITGmbH/AIT.VSTS.Scripts.Legacy,31,4
329,https://api.github.com/repos/r-koubou/LRReverse,3,0
330,https://api.github.com/repos/joshka/homebrew-audio,128,0
331,https://api.github.com/repos/psobot/SampleScanner,51,3
332,https://api.github.com/repos/suzumushi0/SoundObject_binary,59,0
333,https://api.github.com/repos/geeklearningio/gl-vsts-tasks-yarn,162,6
334,https://api.github.com/repos/TsuyoshiUshio/KubernetesTask,142,7
335,https://api.github.com/repos/OlliV/DiaPro,51,0
336,https://api.github.com/repos/rijadhubana/RSynth-v1,4,0
337,https://api.github.com/repos/onlyutkarsh/ExportImportBuildDefinition,12,0
338,https://api.github.com/repos/jpcima/HybridReverb2,97,3
339,https://api.github.com/repos/hollance/synth-plugin-book,5,2
340,https://api.github.com/repos/brendaningram/linux-audio-setup-scripts,83,0
341,https://api.github.com/repos/SoundDevelopment/sound_meter,141,0
342,https://api.github.com/repos/ganesp/loadtestagents,20,0
343,https://api.github.com/repos/surge-synthesizer/surge,4740,68
344,https://api.github.com/repos/iricigor/InstallModuleFromGit,34,0
345,https://api.github.com/repos/iffyloop/EasyVst,5,0
346,https://api.github.com/repos/obiwanjacobi/vst.net-plugininfo,5,0
347,https://api.github.com/repos/marcells/node-build-monitor,673,51
348,https://api.github.com/repos/igorski/vst-plugin-boilerplate,24,0
349,https://api.github.com/repos/ostreifel/wiql-editor,367,4
350,https://api.github.com/repos/astra137/opus-parvulum,3,0
351,https://api.github.com/repos/JamesJJ/vsts-agent-dockerized,23,0
352,https://api.github.com/repos/KaixoCode/CMBNEX,86,0
353,https://api.github.com/repos/melezhik/sparrowdo-vsts-nuget-build,8,0
354,https://api.github.com/repos/dot-operator/Auto-Tuner,11,2
355,https://api.github.com/repos/sowderca/azure-devops-sdk,44,2
356,https://api.github.com/repos/scriptorum/SMBigSkin,37,0
357,https://api.github.com/repos/HoussemDellai/WebAppAndSqlDb,8,0
358,https://api.github.com/repos/psykon/awesome-synth,7,0
359,https://api.github.com/repos/adamv/synthchat,6,0
360,https://api.github.com/repos/emanuelemessina/ReaShader,83,0
361,https://api.github.com/repos/UltraCoderRU/CuteHost,7,0
362,https://api.github.com/repos/egst/cynth,96,0
363,https://api.github.com/repos/Swedeniron/Azure-DevOPS-automatic,7,0
364,https://api.github.com/repos/xebialabs-community/xlr-vsts-insights-plugin,2,0
365,https://api.github.com/repos/wolf-plugins/wolf-lfo,30,0
366,https://api.github.com/repos/jumpjack/VST-converter,196,0
367,https://api.github.com/repos/expertasolutions/AzDo.VstsDashboard,1372,3
368,https://api.github.com/repos/arsenikstiger/querytile-extended,57,3
369,https://api.github.com/repos/studiorack/studiorack-template-dplug,54,0
370,https://api.github.com/repos/nkdAgility/Azure-DevOps-Process-Tools,75,0
371,https://api.github.com/repos/wolf-tickets/sound-and-outer-space,8,0
372,https://api.github.com/repos/denisliganov/daw36,310,2
373,https://api.github.com/repos/SquarePine/Chromatone_old,1,0
374,https://api.github.com/repos/dazfuller/PyUnitTestTask,25,0
375,https://api.github.com/repos/CoolDadTx/p3net-tfsmigrate,11,2
376,https://api.github.com/repos/sharki13/stereoknob,29,0
377,https://api.github.com/repos/WPN214/wpn114plugins,15,0
378,https://api.github.com/repos/jimhaMJ/vsts-tfs-trigger-build,2,0
379,https://api.github.com/repos/nodiscc/awesome-linuxaudio,450,35
380,https://api.github.com/repos/juce-framework/JUCE,13869,34
381,https://api.github.com/repos/bergmeister/posh-vsts-cli,63,0
382,https://api.github.com/repos/hotwatermorning/vstrex,20,0
383,https://api.github.com/repos/dotinspiredby/ExperimentalOsc_Synth,1,0
384,https://api.github.com/repos/s-oram/Grace,2488,0
385,https://api.github.com/repos/DariuszPorowski/azure-pipelines-tasks-mysql,5,0
386,https://api.github.com/repos/hey24sheep/azure-flutter-tasks,170,15
387,https://api.github.com/repos/jeffpriz/vsts-json-to-variable,82,3
388,https://api.github.com/repos/lukemcraig/farkle,61,0
389,https://api.github.com/repos/Leonidius20/MegaSynth,14,0
390,https://api.github.com/repos/NickHeap2/abl-profiler-converter,7,0
391,https://api.github.com/repos/fidmor89/TeamDashboard,149,3
392,https://api.github.com/repos/amariichi/msm5232kamata,2,0
393,https://api.github.com/repos/TaleTN/IPlug,896,4
394,https://api.github.com/repos/datajake1999/OPL3GM_VSTi,518,3
395,https://api.github.com/repos/ToxicBakery/vsts-devops,2,0
396,https://api.github.com/repos/hrgraf/pizmidi,33,0
397,https://api.github.com/repos/gexplorer/VSTSCards,10,0
398,https://api.github.com/repos/SmEgDm/equalize_it,43,0
399,https://api.github.com/repos/Celemony/ARA_Library,77,0
400,https://api.github.com/repos/gregormcw/elev8,8,0
401,https://api.github.com/repos/werman/noise-suppression-for-voice,85,12
402,https://api.github.com/repos/mtchesnokov/Vsts-client,15,0
403,https://api.github.com/repos/notwa/crap,129,0
404,https://api.github.com/repos/jpcima/ADLplug,559,7
405,https://api.github.com/repos/midilab/jc303,18,0
406,https://api.github.com/repos/bamminger/vsts-queue-build,83,3
407,https://api.github.com/repos/mcascone/aha-vsts,12,0
408,https://api.github.com/repos/mariusz96/blue-synthesiser,50,0
409,https://api.github.com/repos/jatinchowdhury18/AnalogTapeModel,345,8
410,https://api.github.com/repos/mmajcica/SpecFlowReportGeneratorTask,7,0
411,https://api.github.com/repos/enricforn/vsts-agent-docker,12,0
412,https://api.github.com/repos/strikles/UQLRF-500,86,0
413,https://api.github.com/repos/Husenap/VSTakoyaki,16,0
414,https://api.github.com/repos/igorski/VSTSID,89,0
415,https://api.github.com/repos/thiagocruzrj/DShop-POC,10,0
416,https://api.github.com/repos/totvs/azure-release-notes-generator,15,0
417,https://api.github.com/repos/Kirby01/KFuzz-VST3-Juce,26,0
418,https://api.github.com/repos/hsetlik/Octane,102,0
419,https://api.github.com/repos/TheTechnobear/SSP,380,0
420,https://api.github.com/repos/cschleiden/azure-boards-estimate,137,5
421,https://api.github.com/repos/KaiDrange/ECMapper,241,2
422,https://api.github.com/repos/hansen-audio/renegate-fx,39,0
423,https://api.github.com/repos/szkkng/jr-granular,36,0
424,https://api.github.com/repos/maxklint/patch-discord,39,0
425,https://api.github.com/repos/marceloavf/github-tools-vsts,161,6
426,https://api.github.com/repos/kenhansen01/AdminPowershell,87,0
427,https://api.github.com/repos/umairsyed613/VSTSWorkItemShortcut,15,0
428,https://api.github.com/repos/tomkerkhove/sello,33,2
429,https://api.github.com/repos/helio-fm/helio-workstation,1924,8
430,https://api.github.com/repos/Noahdw/Strauss,98,0
431,https://api.github.com/repos/nkdAgility/azure-devops-migration-tools,803,97
432,https://api.github.com/repos/QVbDev/quantumVerb,282,7
433,https://api.github.com/repos/00laboratories/HISE-AG-20,19,2
434,https://api.github.com/repos/AURAPluginsLtd/Waldorf-Blofeld-Editor,12,0
435,https://api.github.com/repos/JohT/speclet,302,2
436,https://api.github.com/repos/AnthonyRobinson/toolbox,11,0
437,https://api.github.com/repos/Chris-TopherW/UnityVSTHost,12,0
438,https://api.github.com/repos/thomashuss/patch1,101,0
439,https://api.github.com/repos/sadmemelord/QuasoCompressor,11,0
440,https://api.github.com/repos/GiustiRo/kbrRingDist,16,0
441,https://api.github.com/repos/krmnn/MIDIVelocityZone,23,0
442,https://api.github.com/repos/Celemony/ARA_Examples,141,0
443,https://api.github.com/repos/pongasoft/vst-ab-switch,65,0
444,https://api.github.com/repos/JosephTLyons/Track-Notes-1,233,0
445,https://api.github.com/repos/mofeing/homebrew-audio-plugins,11,0
446,https://api.github.com/repos/stone-payments/vsts-task-envvar,7,3
447,https://api.github.com/repos/elk-audio/elk-pi,5,0
448,https://api.github.com/repos/Capgemini/azure-devops-extension-xrm-build,9,2
449,https://api.github.com/repos/NathanielRose/Java-App-Service-CI-CD-using-Maven-and-VSTS,6,0
450,https://api.github.com/repos/bisect-pt/vsts_runners,5,2
451,https://api.github.com/repos/modavis-project/midiAuralizer,23,2
452,https://api.github.com/repos/MyBlackMIDIScore/AmethystImperialGrand,13,0
453,https://api.github.com/repos/cschleiden/vsts-extension-ts-seed-simple,43,3
454,https://api.github.com/repos/danielappelt/fxbconv,5,0
455,https://api.github.com/repos/getsidechain/sidechain,69,0
456,https://api.github.com/repos/NoiseG8/NoiseG8,38,2
457,https://api.github.com/repos/twatanabe/core-angular-azure,19,0
458,https://api.github.com/repos/AlexW00/clockwork,19,0
459,https://api.github.com/repos/directmusic/DoomVST,16,2
460,https://api.github.com/repos/scheffle/vst3utils,4,2
461,https://api.github.com/repos/ziqingg2/ZQFM,1,0
462,https://api.github.com/repos/obsproject/obs-vst,182,22
463,https://api.github.com/repos/elk-audio/sushi,2395,9
464,https://api.github.com/repos/dazfuller/PyLintTask,42,0
465,https://api.github.com/repos/monomadic/dd-plugs,33,0
466,https://api.github.com/repos/thuru-zz/DashDocs,10,0
467,https://api.github.com/repos/psycha0s/airwave,159,5
468,https://api.github.com/repos/rednafi/py-vscode,81,0
469,https://api.github.com/repos/0x0015/NodePlugin,20,0
470,https://api.github.com/repos/suzumushi0/AudioQAM_source,8,0
471,https://api.github.com/repos/p-hlp/SMPLComp,22,0
472,https://api.github.com/repos/tomto66/Topiary-Riffz,25,0
473,https://api.github.com/repos/Celemony/ARA_API,40,0
474,https://api.github.com/repos/varlen/randstepfilter,2,0
475,https://api.github.com/repos/codecat/vst3-premake,4,0
476,https://api.github.com/repos/khrykin/BlackFace,25,0
477,https://api.github.com/repos/usdivad/Melodrumatic,89,0
478,https://api.github.com/repos/deviant-syndrome/pulse-carlawine,2,0
479,https://api.github.com/repos/Archie3d/aeolus_plugin,214,2
480,https://api.github.com/repos/michaelwillis/dragonfly-reverb,413,11
481,https://api.github.com/repos/LeCantaloop/Qwiq,894,6
482,https://api.github.com/repos/cedar-ave/ado-release-notes-from-query,14,0
483,https://api.github.com/repos/qbroquetas/IV-XDelay,9,0
484,https://api.github.com/repos/gamingrobot/daw-out,39,0
485,https://api.github.com/repos/fedden/RenderMan,55,3
486,https://api.github.com/repos/Lambda3/docker-azure-pipelines-agent,72,2
487,https://api.github.com/repos/julienstroheker/vsts-blync-notify,6,3
488,https://api.github.com/repos/kasunkv/slack-notification,142,2
489,https://api.github.com/repos/Dealogic/cloc-vsts-extension,67,0
490,https://api.github.com/repos/gidavies/DevOpsLab,51,0
491,https://api.github.com/repos/MeijisIrlnd/mariana,9,0
492,https://api.github.com/repos/centricular/gstreamer-vst3,12,3
493,https://api.github.com/repos/zrythm/zrythm,6299,127
494,https://api.github.com/repos/benmatselby/go-azuredevops,97,2
495,https://api.github.com/repos/lucianoiam/hiphop,1827,3
496,https://api.github.com/repos/DropSnorz/wobbleizer,23,0
497,https://api.github.com/repos/smallbutfine/GuitarAmpModellingGUI,192,0
498,https://api.github.com/repos/Dealogic/webpack-vsts-extension,124,0
499,https://api.github.com/repos/Wasted-Audio/wstd-eq,43,0
500,https://api.github.com/repos/leomccormack/HO-SIRR-GUI,54,0
501,https://api.github.com/repos/fedden/juceSynths,6,0
502,https://api.github.com/repos/devashish-gupta/Tranquil,32,0
503,https://api.github.com/repos/LensPlaysGames/Gainbit,13,0
504,https://api.github.com/repos/ales-tsurko/iced-nsview,4,0
505,https://api.github.com/repos/johncollinson2001/multifuzz,53,0
506,https://api.github.com/repos/fukuroder/bandlimited_sawtooth_synthesis,79,0
507,https://api.github.com/repos/monadgroup/axiom,1148,3
508,https://api.github.com/repos/SimonZimmer/SEELE,120,0
509,https://api.github.com/repos/spontoreau/rust-azure-devops,227,2
510,https://api.github.com/repos/SpotlightKid/ardour2fxp,25,0
511,https://api.github.com/repos/Venzhyk/vsts-tasks,14,0
512,https://api.github.com/repos/elk-audio/mda-vst3,7,2
513,https://api.github.com/repos/plimble/ci-docker,22,2
514,https://api.github.com/repos/ashokfernandez/DR-Filter,97,0
515,https://api.github.com/repos/dschuermans/NupgkWrenchExtension,12,0
516,https://api.github.com/repos/MarcusFelling/AWSS3Upload-VSTS-Extension,33,2
517,https://api.github.com/repos/MegaLoler/Nanceloid,130,0
518,https://api.github.com/repos/rklogan/Combiner,41,0
519,https://api.github.com/repos/ChaseDurand/simple-plugin-gui,44,0
520,https://api.github.com/repos/insomnimus/drum-mapper,23,0
521,https://api.github.com/repos/konstice/SignatureLine,4,0
522,https://api.github.com/repos/obiwanjacobi/vst.net,431,3
523,https://api.github.com/repos/RustAudio/vst-rs,406,40
524,https://api.github.com/repos/maka89/AudioEzDynamics,47,0
525,https://api.github.com/repos/tfsaggregator/tfsaggregator-webhooks,496,6
526,https://api.github.com/repos/pac-dev/protoplug,55,5
527,https://api.github.com/repos/olvb/m4rio,1,0
528,https://api.github.com/repos/Speechrezz/VibratoPlugin,7,0
529,https://api.github.com/repos/tadashibashi/juce-cmake-plugin-template,10,0
530,https://api.github.com/repos/Naozumi520/mbp-16-bootcamp-speaker-mod,135,0
531,https://api.github.com/repos/Kirby01/KClip2-VST3-Juce,3,0
532,https://api.github.com/repos/lucianoiam/castello,282,2
533,https://api.github.com/repos/satelllte/GainPlugin,8,0
534,https://api.github.com/repos/amsynth/amsynth,1425,22
535,https://api.github.com/repos/davoodharun/vsts-devops,37,0
536,https://api.github.com/repos/charless3/juce-sandbox,4,2
537,https://api.github.com/repos/hansen-audio/gain-automation-plugin,91,0
538,https://api.github.com/repos/studiorack/studiorack-core,442,0
539,https://api.github.com/repos/MikeMorenoDSP/EP-MK1,22,2
540,https://api.github.com/repos/tomap/soapui-extensions,6,2
541,https://api.github.com/repos/Xaymar/vst2sdk,8,0
542,https://api.github.com/repos/DBraun/TD-JUCE,19,0
543,https://api.github.com/repos/rochen-sound-collective/modular_collection,29,0
544,https://api.github.com/repos/hzdgopher/64klang,33,2
545,https://api.github.com/repos/HabzdaBalint/VST_Synth,73,0
546,https://api.github.com/repos/aabiryukov/TfsVisualHistory,68,0
547,https://api.github.com/repos/bl3utide/ntpcs,44,0
548,https://api.github.com/repos/webdevops/azure-devops-exporter,236,9
549,https://api.github.com/repos/thgrund/TidalVST,11,0
550,https://api.github.com/repos/asb2m10/dexed,430,17
551,https://api.github.com/repos/Speechrezz/SaturatorTest,7,0
552,https://api.github.com/repos/kohoutech/Kohoutech.VST,4,0
553,https://api.github.com/repos/razvangoga/prices-watcher,27,0
554,https://api.github.com/repos/CertiGraph/CertiGraph,2043,7
555,https://api.github.com/repos/LibreArp/LibreArp,271,3
556,https://api.github.com/repos/Chowdhury-DSP/CHOW,50,0
557,https://api.github.com/repos/suzumushi0/AudioQAM_binary,8,0
558,https://api.github.com/repos/straygar/making-audio-plugins,6,0
559,https://api.github.com/repos/DamRsn/NeuralNote,153,3
560,https://api.github.com/repos/hzdgopher/4klang,24,5
561,https://api.github.com/repos/RM-QAOps/CloneTests,12,0
562,https://api.github.com/repos/igorski/regrader,43,0
563,https://api.github.com/repos/EchoInMirror/EIM,165,3
564,https://api.github.com/repos/FigBug/VirtualAnalog,101,0
565,https://api.github.com/repos/michael-truscott/DoomVst,8,0
566,https://api.github.com/repos/martinstolz-ch/MidiPluginTemplate,51,0
567,https://api.github.com/repos/kasunkv/vsts-task-starter,28,0
568,https://api.github.com/repos/xoofx/NPlug,155,0
569,https://api.github.com/repos/ClydeDz/cicd-docs,146,2
570,https://api.github.com/repos/SpotlightKid/stereocrossdelay,6,0
571,https://api.github.com/repos/mdalepiane/db-testproject,31,0
572,https://api.github.com/repos/ReplicatAudio/DSPGraph,63,0
573,https://api.github.com/repos/colindembovsky/cols-agent-tasks,444,20
574,https://api.github.com/repos/nyarla/WineVSTWrapper,9,0
575,https://api.github.com/repos/AnClark/padthv1-universal,10,0
576,https://api.github.com/repos/ramirezd42/node-audio,36,2
577,https://api.github.com/repos/SatyKrish/AzureStreamAnalytics-CICD,3,0
578,https://api.github.com/repos/WeirdConstructor/HexoSynth,838,0
579,https://api.github.com/repos/leomccormack/CroPaC-Binaural,62,0
580,https://api.github.com/repos/robbert-vdh/diopser,79,0
581,https://api.github.com/repos/jpwogaman/template.io,172,0
582,https://api.github.com/repos/glissando-daw/glissando-daw,76,3
583,https://api.github.com/repos/olilarkin/iPlug2OnnxRuntime,7,0
584,https://api.github.com/repos/unevens/Overdraw,147,0
585,https://api.github.com/repos/swellaby/vsts-traffic-monitor,318,4
586,https://api.github.com/repos/microsoft/MCW-Modern-cloud-apps,324,16
587,https://api.github.com/repos/elieserdejesus/JamTaba,2132,18
588,https://api.github.com/repos/Iunusov/LameVST,14,0
589,https://api.github.com/repos/microsoft/azure-devops-python-samples,31,4
590,https://api.github.com/repos/TaleTN/IPlugExample,65,0
591,https://api.github.com/repos/mmcdermott1/XenGen,4,0
592,https://api.github.com/repos/tobanteAudio/modEQ,335,0
593,https://api.github.com/repos/ddf/SpectralHarp,136,0
594,https://api.github.com/repos/helaili/vsts-octobot,35,0
595,https://api.github.com/repos/bhdicaire/awesome-visio,7,0
596,https://api.github.com/repos/pfeeyatko/simple-eq,26,0
597,https://api.github.com/repos/rm8x/myowah,3,0
598,https://api.github.com/repos/Archie3d/aurum,10,0
599,https://api.github.com/repos/waddafunk/Oscilloscope,106,2
600,https://api.github.com/repos/sergree/matchering-web,41,2
601,https://api.github.com/repos/frederiksen/Task-Card-Creator,104,3
602,https://api.github.com/repos/bhdicaire/visioStencils,77,0
603,https://api.github.com/repos/YeshiNamkhai/mioSynth,121,0
604,https://api.github.com/repos/abeckDev/vsts-onedrive-upload,7,0
605,https://api.github.com/repos/microsoft/vsts-extension-multivalue-control,144,19
606,https://api.github.com/repos/AnClark/synthv1-universal,5,0
607,https://api.github.com/repos/miiitch/wilinq,106,2
608,https://api.github.com/repos/onlyutkarsh/VSTSStatusMonitorChrome,3,0
609,https://api.github.com/repos/tafuji/Xamarin-UnitTest-Vsts,23,0
610,https://api.github.com/repos/devkeydet/dyn365-ce-devops,55,2
611,https://api.github.com/repos/stone-payments/vsts-task-nssmmanage,23,4
612,https://api.github.com/repos/EmilianStankov/rvst,44,0
613,https://api.github.com/repos/nimbletools/misstortion1,15,2
614,https://api.github.com/repos/klknn/synth2,127,0
615,https://api.github.com/repos/hanancs/FirstJuce,1,0
616,https://api.github.com/repos/elk-audio/elk-docs,279,8
617,https://api.github.com/repos/xoofx/NPlug.Samples,4,0
618,https://api.github.com/repos/Celemony/ARA_SDK,193,0
619,https://api.github.com/repos/Djaugo/EQ_Lite-Vst-Plugin-Win,15,0
620,https://api.github.com/repos/smabuk/VersioningDemos,37,0
621,https://api.github.com/repos/caitlyntetmeyer/classes-tutorials,436,0
622,https://api.github.com/repos/SquarePine/AudioPluginStrategies,1,0
623,https://api.github.com/repos/hsetlik/VectorSynth,52,0
624,https://api.github.com/repos/LeifBloomquist/MIDIMapperX,51,0
625,https://api.github.com/repos/james34602/SpleeterRT,20,2
626,https://api.github.com/repos/planaria/vv,12,0
627,https://api.github.com/repos/dechamps/APO,19,0
628,https://api.github.com/repos/hollance/mda-plugins-juce,59,0
629,https://api.github.com/repos/GregTrevellick/VsixTwitterWidget,266,4
630,https://api.github.com/repos/teyc/vsts-npm-demo-submodule,4,0
631,https://api.github.com/repos/igorski/darvaza,45,0
632,https://api.github.com/repos/publicsamples/Peach,24,0
633,https://api.github.com/repos/nokitakaze/VSTAudioProcessor,12,0
634,https://api.github.com/repos/Do-sth-sharp/libDMDA,15,0
635,https://api.github.com/repos/miladnia/KeysVST,5,0
636,https://api.github.com/repos/marscanbueno/ableton-live-resources,31,0
637,https://api.github.com/repos/Iunusov/ShoutVST,12,0
638,https://api.github.com/repos/Janislav/Pluto,42,0
639,https://api.github.com/repos/HarrisonBubbles/OasisAudioPlugin,24,2
640,https://api.github.com/repos/mathieu-benoit/dot-net-on-azure-function-app,106,0
641,https://api.github.com/repos/microsoft/featuretimeline,283,15
642,https://api.github.com/repos/osam-cologne/stereogain,3,0
643,https://api.github.com/repos/martindylan/mystortion,14,0
644,https://api.github.com/repos/mvmjacobs/az-devops-rice-extension,29,0
645,https://api.github.com/repos/elk-audio/mda-vst2,2,0
646,https://api.github.com/repos/sergree/matchering,364,3
647,https://api.github.com/repos/stone-payments/vsts-task-start-windows-service,13,3
648,https://api.github.com/repos/ostreifel/Board-Group,231,5
649,https://api.github.com/repos/luuksommers/vsts-website-warmup,42,4
650,https://api.github.com/repos/am4u/tfs2015theme,17,0
651,https://api.github.com/repos/Cyril-Meyer/BitDepthReducer,16,0
652,https://api.github.com/repos/studiorack/studiorack-registry,71,0
653,https://api.github.com/repos/elk-audio/elk-examples,77,6
654,https://api.github.com/repos/studiorack/studiorack-app,211,0
655,https://api.github.com/repos/juandagilc/Audio-Effects,81,0
656,https://api.github.com/repos/rfennell/AzurePipelines,1324,45
657,https://api.github.com/repos/apohl79/audiogridder,804,6
658,https://api.github.com/repos/nberr/jackel,49,0
659,https://api.github.com/repos/gjermshus/VSTS-SlackBot,84,0
660,https://api.github.com/repos/mehmetseckin/azuredevops-powershell,88,0
661,https://api.github.com/repos/mehmetkut/amerikanhastanesi-devops-training,7,0
662,https://api.github.com/repos/solidify/jira-azuredevops-migrator,675,24
663,https://api.github.com/repos/uchidama/SimpleSynthEx,2,0
664,https://api.github.com/repos/davemollen/dm-Reverse,138,2
665,https://api.github.com/repos/xuan25/RXG100-RE,22,0
666,https://api.github.com/repos/Lolitron-0/Kaoss-emul,32,0
667,https://api.github.com/repos/Manu404/moonburst,193,0
668,https://api.github.com/repos/azur1s/penare,75,0
669,https://api.github.com/repos/mrmodise/export-vsts-wiki-to-pdf,7,0
670,https://api.github.com/repos/aaronyzhou/vsts-extension-branch-magic,4,0
671,https://api.github.com/repos/melezhik/sparrowdo-vsts-solution,10,0
672,https://api.github.com/repos/cake-contrib/Cake.Prca.PullRequests.Tfs,119,2
673,https://api.github.com/repos/polyzium/project-corrosion,14,0
674,https://api.github.com/repos/jthorborg/ape,287,2
675,https://api.github.com/repos/suzumushi0/SoundObject_source,73,0
676,https://api.github.com/repos/hkarthik7/azure-devops-java-sdk-docs,25,0
677,https://api.github.com/repos/yuqquu/vvvf-synth,17,0
678,https://api.github.com/repos/mariojuli/azonoAudio,37,0
679,https://api.github.com/repos/Lambda3/docker-azure-pipelines-agent-windows,44,0
680,https://api.github.com/repos/essenbee/delay,12,0
681,https://api.github.com/repos/liliantdn/music-resources,14,0
682,https://api.github.com/repos/fake-industries/fuzzball,24,0
683,https://api.github.com/repos/RetroMaximus/Oversynth,31,0
684,https://api.github.com/repos/rcoenmans/jira-to-vsts-migration,7,0
685,https://api.github.com/repos/mikeroyal/PipeWire-Guide,58,2
686,https://api.github.com/repos/gmdworkspace/vsts-build-monitor,4,2
687,https://api.github.com/repos/hotwatermorning/Vst3PluginStarter,20,0
688,https://api.github.com/repos/vroomai/vst,5,0
689,https://api.github.com/repos/werckme/werckmeister-vst,85,0
690,https://api.github.com/repos/mzuther/K-Meter,604,0
691,https://api.github.com/repos/JanosGit/Schrammel_OJD,98,2
692,https://api.github.com/repos/wahyuen/dotnet-core-2.0-webapi-auth0,28,0
693,https://api.github.com/repos/x42/lv2vst,14,4
694,https://api.github.com/repos/nbrown02/FlowViz,521,2
695,https://api.github.com/repos/raphaelbs/financial-quiz-api,57,0
696,https://api.github.com/repos/ntomassetti/DesuMateVST,25,0
697,https://api.github.com/repos/Aer0naut/VSTS-GO,12,0
698,https://api.github.com/repos/Ardour/ardour,38181,175
699,https://api.github.com/repos/marozzocom/update-spfx-webpart-ids,7,0
700,https://api.github.com/repos/VolantisDev/node-vst-guide-api,1,0
701,https://api.github.com/repos/amariichi/msm5232wavs,4,0
702,https://api.github.com/repos/igorski/transformant,24,0
703,https://api.github.com/repos/igoravl/TfsCmdlets,298,6
704,https://api.github.com/repos/mpusch88/Externalizer,24,0
705,https://api.github.com/repos/ffAudio/Frequalizer,83,4
706,https://api.github.com/repos/nkdAgility/azure-devops-variable-tools,26,3
707,https://api.github.com/repos/tparker48/sherpa-synthesizer,77,0
708,https://api.github.com/repos/OSSCanada/vsts_build_pipeline,53,2
709,https://api.github.com/repos/iPlug2/iPlug2,12026,53
710,https://api.github.com/repos/ZioGuido/PhaserTestProject,3,0
711,https://api.github.com/repos/khrykin/BlackBird,26,0
712,https://api.github.com/repos/hkarthik7/azure-devops-java-sdk,499,10
713,https://api.github.com/repos/ales-tsurko/kotoist,147,0
714,https://api.github.com/repos/hordiales/ap-gen,59,0
715,https://api.github.com/repos/robbert-vdh/yabridge,3001,13
716,https://api.github.com/repos/MethodsAndPractices/vsteam-docs,72,3
717,https://api.github.com/repos/amariichi/kamata2wav,4,2
718,https://api.github.com/repos/teyc/vsts-npm-demo,5,0
719,https://api.github.com/repos/Augurk/vsts-extension,16,3
720,https://api.github.com/repos/igorski/fogpad,29,0
721,https://api.github.com/repos/vinodkumarys/vsts-widget-pr-ttc,10,0
722,https://api.github.com/repos/onlyutkarsh/ExportAsPDF,2,0
723,https://api.github.com/repos/geeklearningio/gl-vsts-tasks-build-scripts,74,4
724,https://api.github.com/repos/steinbergmedia/vstgui,3879,22
725,https://api.github.com/repos/nyarla/carla-sandboxie-patchset,22,0
726,https://api.github.com/repos/hx-ux/Bitcrushi,3,0
727,https://api.github.com/repos/VolantisDev/node-vst-guide-library,7,0
728,https://api.github.com/repos/pongasoft/vst-vac-6v,159,0
729,https://api.github.com/repos/flafflar/FaderVST,47,0
730,https://api.github.com/repos/jcfischer/easylooper,32,0
731,https://api.github.com/repos/snuziale/vsts-extension-split-work,61,4
732,https://api.github.com/repos/artfwo/andes,54,2
733,https://api.github.com/repos/camelCaseDave/crm-vsts-tasks,11,0
734,https://api.github.com/repos/defrankland/VstAudioEqMeter,5,0
735,https://api.github.com/repos/blackboxdsp/rotor,104,0
736,https://api.github.com/repos/essenbee/multifilter,2,0
737,https://api.github.com/repos/liliantdn/camomile-plugins,10,0
738,https://api.github.com/repos/microsoft/azuredevopslabs,972,56
739,https://api.github.com/repos/carlowahlstedt/Spark_VSTS_Task,58,0
740,https://api.github.com/repos/david6983/saxaboom,9,0
741,https://api.github.com/repos/mooncowboy/azure-vmss-gitupull-cd,10,0
742,https://api.github.com/repos/xunil-cloud/CloudReverb,91,0
743,https://api.github.com/repos/joanroig/midi-to-scaler-chord-sets,14,0
744,https://api.github.com/repos/leomccormack/SPARTA,435,6
745,https://api.github.com/repos/elk-audio/elkpi-sdk,10,2
746,https://api.github.com/repos/stutton/DocumentCreator,210,3
747,https://api.github.com/repos/harsh2204/vstNN,5,0
748,https://api.github.com/repos/lukemcraig/MusicalRingMod,61,0
749,https://api.github.com/repos/r-koubou/BC-PlgnScript,5,0
750,https://api.github.com/repos/LDPF/LDPF-Examples,15,0
751,https://api.github.com/repos/Uberton/Uberton,107,3
752,https://api.github.com/repos/xivilay/scale-remapper,112,0
753,https://api.github.com/repos/SpotlightKid/sendmixer,10,0
754,https://api.github.com/repos/robbiedhickey/vsts-demo-cli,18,0
755,https://api.github.com/repos/Kareus/Migano,11,0
756,https://api.github.com/repos/studiorack/studiorack-template-steinberg,144,2
757,https://api.github.com/repos/follower/qt-vst-mac-native-poc,17,0
758,https://api.github.com/repos/twinysam/FreeAudioPluginList,66,2
759,https://api.github.com/repos/hotwatermorning/Vst3HostDemo,125,0
760,https://api.github.com/repos/microsoft/vsts-extension-toggle-control,58,9
761,https://api.github.com/repos/raphaelbs/financial-quiz-app,83,0
762,https://api.github.com/repos/AdamPaternostro/Azure-Databricks-CI-CD-Initial-Token,13,0
763,https://api.github.com/repos/microsoft/vsts-work-item-migrator,59,8
764,https://api.github.com/repos/EngageSoftware/eslint-formatter-azure-devops,175,7
765,https://api.github.com/repos/vgorloff/VST3NetSend,274,0
766,https://api.github.com/repos/christophhart/HISE,5947,8
767,https://api.github.com/repos/TheAvalanche/JustAudioFX,51,0
768,https://api.github.com/repos/tgalpha/ActivityTimer,36,0
769,https://api.github.com/repos/danobot/azure-devops-to-ms-project-exporter,3,0
770,https://api.github.com/repos/steinbergmedia/vst3sdk,36,3
771,https://api.github.com/repos/tyiki-badwell/momiji-csharp,111,0
772,https://api.github.com/repos/xantari/Seq.App.Azure.DevOps,27,2
773,https://api.github.com/repos/jerryuhoo/Fire,449,0
774,https://api.github.com/repos/thezhe/D-lay,34,0
775,https://api.github.com/repos/martinic/DrMixAISynth,65,0
776,https://api.github.com/repos/AURAPluginsLtd/Access-Virus-Editor,19,0
777,https://api.github.com/repos/Hupka/sonarqube-azure-setup,24,2
778,https://api.github.com/repos/hansen-audio/vst3-cpack,12,0
779,https://api.github.com/repos/wenwu449/vsts-pr-review-sample,5,0
780,https://api.github.com/repos/greatest-ape/OctaSine,2163,0
781,https://api.github.com/repos/mathieu-benoit/SitecoreOnAzureWebAppLab,17,0
782,https://api.github.com/repos/rickgiantsteps/bucket-brigade,9,0
783,https://api.github.com/repos/melezhik/sparrowdo-vsts-dotnet,6,0
784,https://api.github.com/repos/AnClark/Minaton-XT,85,0
785,https://api.github.com/repos/ADOKickstarter/adokickstarter,5,2
786,https://api.github.com/repos/eulmour/HandyOsc,3,0
787,https://api.github.com/repos/p-hlp/CTAGDRC,19,0
788,https://api.github.com/repos/Kaushal1011/S3_Smart_Sampling_Synthesiser,90,4
789,https://api.github.com/repos/steinbergmedia/vst3_example_plugin_hello_world,26,5
790,https://api.github.com/repos/killbizz/Tesi-Pollini-Gabriel-Bizzo,7,0
791,https://api.github.com/repos/retornz/ToneZ,21,2
792,https://api.github.com/repos/mikeoliphant/Vst3VisualStudioExample,14,0
793,https://api.github.com/repos/tommitytom/RetroPlug,539,2
794,https://api.github.com/repos/tmclnk/posh-vsts,27,2
795,https://api.github.com/repos/Durun/vst3sdk-gradle,12,0
796,https://api.github.com/repos/denniszielke/phoenix,472,12
797,https://api.github.com/repos/Kirby01/Drive-VST3-Juce,13,0
798,https://api.github.com/repos/TobiasKozel/transmitter,72,2
799,https://api.github.com/repos/cb8/phpunit-vsts-bridge,5,0
800,https://api.github.com/repos/spnw/free-music-plugins,11,0
801,https://api.github.com/repos/reales/OB-Xd,2,0
802,https://api.github.com/repos/SquarePine/Flow,1,0
803,https://api.github.com/repos/nidefawl/bass-studio,3046,0
804,https://api.github.com/repos/DBraun/Sampler,20,0
805,https://api.github.com/repos/demberto/fxp,7,0
806,https://api.github.com/repos/JamesStubbsEng/TS-808-Ultra,17,0
807,https://api.github.com/repos/pumodi/open-samples,58,0
808,https://api.github.com/repos/Meach/ofxVstHost,3,0
809,https://api.github.com/repos/yrtimiD/azure-pipelines-semver-bump,14,0
810,https://api.github.com/repos/Rychard/AzurePipelineLogCommands,10,0
811,https://api.github.com/repos/nbrown02/Story-Point-Correlation,38,0
812,https://api.github.com/repos/redhat-developer/openshift-vsts,109,7
813,https://api.github.com/repos/barthy-koeln/rise-and-fall,1,0
814,https://api.github.com/repos/LDPF/LDPF,16,0
815,https://api.github.com/repos/rfennell/AzureDevOpsPowershell,70,3
816,https://api.github.com/repos/SpotlightKid/cookiecutter-dpf-effect,56,3
817,https://api.github.com/repos/timeoffaudio/releases,1,0
818,https://api.github.com/repos/javierblancoch/CheckMyTasksADO-Please,9,0
819,https://api.github.com/repos/microsoft/MCW-OSS-PaaS-and-DevOps,184,10
820,https://api.github.com/repos/chwebdude/BadgeCreator,17,0
821,https://api.github.com/repos/pongasoft/vst3-again-sample,7,0
822,https://api.github.com/repos/joex92/XYVI,24,0
823,https://api.github.com/repos/haribabubavanari/BuildAndReleaseKeepForever,16,0
824,https://api.github.com/repos/microsoft/vsts-extension-integer-control,64,10
825,https://api.github.com/repos/stone-payments/vsts-task-install-windows-service,28,3
826,https://api.github.com/repos/tbarlow12/task-board-assistant,28,0
827,https://api.github.com/repos/ABSounds/Harpejji-VST,18,0
828,https://api.github.com/repos/amariichi/msm5232wsg,8,0
829,https://api.github.com/repos/BillyDM/awesome-audio-dsp,235,3
830,https://api.github.com/repos/wolf-plugins/wolf-spectrum,200,2
831,https://api.github.com/repos/lean-soft/devopshub-docs-g4e,87,0
832,https://api.github.com/repos/trackbout/ripchord,422,0
833,https://api.github.com/repos/pongasoft/jamba,368,0
834,https://api.github.com/repos/ChromaticIsobar/HyperTremolo,189,0
835,https://api.github.com/repos/KottV/SimpleSide,5,0
836,https://api.github.com/repos/cedar-ave/vsts-release-notes-html-table,61,2
837,https://api.github.com/repos/iPlug2/iPlug2OOS,383,2
838,https://api.github.com/repos/simonceddy/audio-plugin-presets,30,0
839,https://api.github.com/repos/SoundDevelopment/sound_meter-example,11,0
840,https://api.github.com/repos/cschleiden/azure-boards-markdown,35,0
841,https://api.github.com/repos/VolantisDev/node-vst-guide-config,4,0
842,https://api.github.com/repos/g-s-k/tanh-vst,2,0
843,https://api.github.com/repos/tobanteAudio/juce-cookbook,136,0
844,https://api.github.com/repos/mathieu-benoit/RedHatOpenShiftAndMicrosoftAzureWorkshop,130,2
845,https://api.github.com/repos/LaineZ/PhotoConsequences,38,0
846,https://api.github.com/repos/chrisjmendez/elementary-audio-boilerplate,27,0
847,https://api.github.com/repos/studiorack/studiorack-cli,219,0
848,https://api.github.com/repos/DBraun/DawDreamer,180,5
849,https://api.github.com/repos/krishnaji/CICDLabsHOL,7,0
850,https://api.github.com/repos/incarnate/vsts-php-tools,5,0
851,https://api.github.com/repos/lenisha/vsts-terraform-ansible-packer,77,0
852,https://api.github.com/repos/psemiletov/drumlabooh,182,0
853,https://api.github.com/repos/attilammagyar/js80p,642,2
854,https://api.github.com/repos/noizebox/vstimgui,48,0
855,https://api.github.com/repos/VolantisDev/node-vst-scanner,8,0
856,https://api.github.com/repos/AnClark/faust-vst,100,2
857,https://api.github.com/repos/KevinToodlepoot/MS-Exciter,3,0
858,https://api.github.com/repos/iatecbr/Sda.Wit,2,0
859,https://api.github.com/repos/rust-dsp/rtb-rs,39,4
860,https://api.github.com/repos/josdeweger-zz/LightHouse,75,2
861,https://api.github.com/repos/olilarkin/pMix2,516,3
862,https://api.github.com/repos/zamaudio/zam-plugins,671,8
863,https://api.github.com/repos/robbert-vdh/nih-plug,2139,22
864,https://api.github.com/repos/weaverb/vsts-resource,25,0
865,https://api.github.com/repos/DotNetDevOps/DotNetDevOps,118,2
866,https://api.github.com/repos/spotify/pedalboard,601,23
867,https://api.github.com/repos/LFO-lab/AudioTrig,30,3
868,https://api.github.com/repos/mmajcica/win-rm-file-copy,41,2
869,https://api.github.com/repos/pongasoft/vst24-hello-world,10,0
870,https://api.github.com/repos/christiansparre/VstsDockerBuild,18,2
871,https://api.github.com/repos/dragonsploder/Dynamo,1,0
872,https://api.github.com/repos/GrieferPig/zippify,6,0
873,https://api.github.com/repos/killbizz/Biztortion,279,0
874,https://api.github.com/repos/minexew/LostTech,4,0
875,https://api.github.com/repos/nbrown02/Test-Status-Report,26,0
876,https://api.github.com/repos/melezhik/sparrowdo-vsts-cordova,117,0
877,https://api.github.com/repos/Kirby01/Filter-VST3-Juce,6,0
878,https://api.github.com/repos/kirkone/vsts-dnx-tasks,110,4
879,https://api.github.com/repos/ismaildalgatov/VCV-to-Ableton,18,0
880,https://api.github.com/repos/CPIJ/vst-development,52,0
881,https://api.github.com/repos/apohl79/GuitarAmp,12,0
882,https://api.github.com/repos/gilfuser/livecode-this,26,0
883,https://api.github.com/repos/17cupsofcoffee/digidist,2,0
884,https://api.github.com/repos/klknn/kdr,200,0
885,https://api.github.com/repos/fabiencrassat/UserStyles,51,0
886,https://api.github.com/repos/abbysoft-team/Soompler,185,2
887,https://api.github.com/repos/webprofusion/OpenAudio,195,41
888,https://api.github.com/repos/adammurdocknh/YAMS,9,0
889,https://api.github.com/repos/baywet/azure-docker-sonarqube,30,0
890,https://api.github.com/repos/mikeoliphant/AudioPlugSharp,110,2
891,https://api.github.com/repos/AURAPluginsLtd/Roland-JP80x0-Editor,7,0
892,https://api.github.com/repos/cschleiden/azure-boards-decompose,41,0
893,https://api.github.com/repos/Do-sth-sharp/VocalShaper,262,0
894,https://api.github.com/repos/olilarkin/awesome-musicdsp,161,4
895,https://api.github.com/repos/ReplicatAudio/TerminalVelocity,9,0
896,https://api.github.com/repos/danroth-nyt/C-DSP,12,0
897,https://api.github.com/repos/dimesoftware/publishnugettovsts,8,0
898,https://api.github.com/repos/fortify/gha-setup-bugtracker-utility,39,4
899,https://api.github.com/repos/caleqw2/ParticleArtsPlugin,8,0
900,https://api.github.com/repos/benc-uk/azure-devops-core-docker,28,0
901,https://api.github.com/repos/forart/audioblankpluginpack,10,0
902,https://api.github.com/repos/hotwatermorning/wahwth,63,0
903,https://api.github.com/repos/sdangelo/brickworks,365,0
904,https://api.github.com/repos/sophiapoirier/destroyfx,1987,2
905,https://api.github.com/repos/pd3v/gen-plugin,52,0
906,https://api.github.com/repos/wrl/baseplug,56,5
907,https://api.github.com/repos/vtange/vst-io,87,0
