,login,url
0,james34602,https://api.github.com/users/james34602
1,aidv,https://api.github.com/users/aidv
2,TaleTN,https://api.github.com/users/TaleTN
3,ArtemPopof,https://api.github.com/users/ArtemPopof
4,JorgenPo,https://api.github.com/users/JorgenPo
5,maxklint,https://api.github.com/users/maxklint
6,dozius,https://api.github.com/users/dozius
7,p-hlp,https://api.github.com/users/p-hlp
8,codecat,https://api.github.com/users/codecat
9,robbert-vdh,https://api.github.com/users/robbert-vdh
10,jpcima,https://api.github.com/users/jpcima
11,trebmuh,https://api.github.com/users/trebmuh
12,BrunoVernay,https://api.github.com/users/BrunoVernay
13,SpotlightKid,https://api.github.com/users/SpotlightKid
14,Djaugo,https://api.github.com/users/Djaugo
15,SoundDevelopment,https://api.github.com/users/SoundDevelopment
16,sadmemelord,https://api.github.com/users/sadmemelord
17,luca-bondi,https://api.github.com/users/luca-bondi
18,Matteo-Scerbo,https://api.github.com/users/Matteo-Scerbo
19,TobiasKozel,https://api.github.com/users/TobiasKozel
20,mzuther,https://api.github.com/users/mzuther
21,martinic,https://api.github.com/users/martinic
22,uchidama,https://api.github.com/users/uchidama
23,essenbee,https://api.github.com/users/essenbee
24,GrieferPig,https://api.github.com/users/GrieferPig
25,mfisher31,https://api.github.com/users/mfisher31
26,vgorloff,https://api.github.com/users/vgorloff
27,klknn,https://api.github.com/users/klknn
28,Leonidius20,https://api.github.com/users/Leonidius20
29,kcuric,https://api.github.com/users/kcuric
30,asb2m10,https://api.github.com/users/asb2m10
31,olicash,https://api.github.com/users/olicash
32,baconpaul,https://api.github.com/users/baconpaul
33,Sentinel77,https://api.github.com/users/Sentinel77
34,jeremybernstein,https://api.github.com/users/jeremybernstein
35,haenkel,https://api.github.com/users/haenkel
36,showlabor,https://api.github.com/users/showlabor
37,tico-tico,https://api.github.com/users/tico-tico
38,mkruselj,https://api.github.com/users/mkruselj
40,blackjid,https://api.github.com/users/blackjid
41,marklit,https://api.github.com/users/marklit
42,wilzh40,https://api.github.com/users/wilzh40
43,elovian,https://api.github.com/users/elovian
44,luzpaz,https://api.github.com/users/luzpaz
45,matt32106,https://api.github.com/users/matt32106
46,zrna-research,https://api.github.com/users/zrna-research
47,swesterfeld,https://api.github.com/users/swesterfeld
48,onereddogmedia,https://api.github.com/users/onereddogmedia
49,XieJiSS,https://api.github.com/users/XieJiSS
52,Mrugalla,https://api.github.com/users/Mrugalla
53,KottV,https://api.github.com/users/KottV
54,hollance,https://api.github.com/users/hollance
55,lukemcraig,https://api.github.com/users/lukemcraig
56,silver-yar,https://api.github.com/users/silver-yar
57,nathanjhood,https://api.github.com/users/nathanjhood
58,rklogan,https://api.github.com/users/rklogan
59,GiorgosKoulouris,https://api.github.com/users/GiorgosKoulouris
60,attilammagyar,https://api.github.com/users/attilammagyar
61,ZonderP,https://api.github.com/users/ZonderP
62,hzdgopher,https://api.github.com/users/hzdgopher
63,w23,https://api.github.com/users/w23
64,YPares,https://api.github.com/users/YPares
65,gitter-badger,https://api.github.com/users/gitter-badger
66,Iunusov,https://api.github.com/users/Iunusov
67,KevinToodlepoot,https://api.github.com/users/KevinToodlepoot
68,DonStroganotti,https://api.github.com/users/DonStroganotti
69,Henry00IS,https://api.github.com/users/Henry00IS
70,p4thie,https://api.github.com/users/p4thie
71,kesara,https://api.github.com/users/kesara
72,barneyhill,https://api.github.com/users/barneyhill
73,igorski,https://api.github.com/users/igorski
74,xunil-cloud,https://api.github.com/users/xunil-cloud
76,segwin,https://api.github.com/users/segwin
77,almalh,https://api.github.com/users/almalh
78,HamiltonEB,https://api.github.com/users/HamiltonEB
79,Seld17,https://api.github.com/users/Seld17
80,ilamen,https://api.github.com/users/ilamen
81,olivier-pago,https://api.github.com/users/olivier-pago
82,EvaBMilton,https://api.github.com/users/EvaBMilton
84,sdeleon28,https://api.github.com/users/sdeleon28
85,usdivad,https://api.github.com/users/usdivad
86,shaduzlabs,https://api.github.com/users/shaduzlabs
87,notwa,https://api.github.com/users/notwa
88,redtide,https://api.github.com/users/redtide
89,paulfd,https://api.github.com/users/paulfd
90,essej,https://api.github.com/users/essej
91,Lunix-420,https://api.github.com/users/Lunix-420
92,monomadic,https://api.github.com/users/monomadic
93,rijadhubana,https://api.github.com/users/rijadhubana
94,scriptorum,https://api.github.com/users/scriptorum
95,DoomyDwyer,https://api.github.com/users/DoomyDwyer
97,unevens,https://api.github.com/users/unevens
98,adammurdocknh,https://api.github.com/users/adammurdocknh
99,FangCunWuChang,https://api.github.com/users/FangCunWuChang
101,suroge,https://api.github.com/users/suroge
102,hectorbennett,https://api.github.com/users/hectorbennett
103,insomnimus,https://api.github.com/users/insomnimus
104,qbroquetas,https://api.github.com/users/qbroquetas
105,konstice,https://api.github.com/users/konstice
106,hx-ux,https://api.github.com/users/hx-ux
107,DropSnorz,https://api.github.com/users/DropSnorz
108,KaiDrange,https://api.github.com/users/KaiDrange
109,TheTechnobear,https://api.github.com/users/TheTechnobear
110,BLumia,https://api.github.com/users/BLumia
111,JimmyBenKlieve,https://api.github.com/users/JimmyBenKlieve
112,chirs241097,https://api.github.com/users/chirs241097
113,matdombrock,https://api.github.com/users/matdombrock
115,HabzdaBalint,https://api.github.com/users/HabzdaBalint
116,Kareus,https://api.github.com/users/Kareus
117,psemiletov,https://api.github.com/users/psemiletov
118,utokusa,https://api.github.com/users/utokusa
119,sabeiro,https://api.github.com/users/sabeiro
120,EmilianStankov,https://api.github.com/users/EmilianStankov
121,falkTX,https://api.github.com/users/falkTX
122,dromer,https://api.github.com/users/dromer
123,cosinekitty,https://api.github.com/users/cosinekitty
125,Simon-L,https://api.github.com/users/Simon-L
126,zezic,https://api.github.com/users/zezic
127,unlessgames,https://api.github.com/users/unlessgames
128,ctsexton,https://api.github.com/users/ctsexton
129,vitreo12,https://api.github.com/users/vitreo12
130,EnigmaCurry,https://api.github.com/users/EnigmaCurry
131,shimaore,https://api.github.com/users/shimaore
132,foxacid7cd,https://api.github.com/users/foxacid7cd
133,dingodoppelt,https://api.github.com/users/dingodoppelt
134,tpltnt,https://api.github.com/users/tpltnt
135,seven-phases-max,https://api.github.com/users/seven-phases-max
136,midilab,https://api.github.com/users/midilab
137,SimonZimmer,https://api.github.com/users/SimonZimmer
138,johnfmcrae,https://api.github.com/users/johnfmcrae
139,KaixoCode,https://api.github.com/users/KaixoCode
140,Speechrezz,https://api.github.com/users/Speechrezz
141,LeifBloomquist,https://api.github.com/users/LeifBloomquist
142,leomccormack,https://api.github.com/users/leomccormack
143,fukuroder,https://api.github.com/users/fukuroder
144,lucianoiam,https://api.github.com/users/lucianoiam
145,messmerd,https://api.github.com/users/messmerd
146,JamesStubbsEng,https://api.github.com/users/JamesStubbsEng
147,tomto66,https://api.github.com/users/tomto66
148,killbizz,https://api.github.com/users/killbizz
149,maxwellmattryan,https://api.github.com/users/maxwellmattryan
150,GiustiRo,https://api.github.com/users/GiustiRo
151,dsp-re,https://api.github.com/users/dsp-re
152,SambaGodschynski,https://api.github.com/users/SambaGodschynski
153,reillypascal,https://api.github.com/users/reillypascal
154,pdesaulniers,https://api.github.com/users/pdesaulniers
156,brayschurman,https://api.github.com/users/brayschurman
157,zamaudio,https://api.github.com/users/zamaudio
159,nphilipp,https://api.github.com/users/nphilipp
160,tartina,https://api.github.com/users/tartina
162,johannes-mueller,https://api.github.com/users/johannes-mueller
164,vchernin,https://api.github.com/users/vchernin
165,xuan25,https://api.github.com/users/xuan25
166,blaketeres,https://api.github.com/users/blaketeres
167,strikles,https://api.github.com/users/strikles
168,sophiapoirier,https://api.github.com/users/sophiapoirier
169,tom7,https://api.github.com/users/tom7
172,esaruoho,https://api.github.com/users/esaruoho
173,jarkkojs,https://api.github.com/users/jarkkojs
174,kurasu,https://api.github.com/users/kurasu
175,mvf,https://api.github.com/users/mvf
176,kzantow,https://api.github.com/users/kzantow
177,selenologist,https://api.github.com/users/selenologist
178,itsmedavep,https://api.github.com/users/itsmedavep
179,jatinchowdhury18,https://api.github.com/users/jatinchowdhury18
180,VincyZed,https://api.github.com/users/VincyZed
181,mx,https://api.github.com/users/mx
182,pkstone,https://api.github.com/users/pkstone
183,whydoubt,https://api.github.com/users/whydoubt
186,abique,https://api.github.com/users/abique
187,Andreya-Autumn,https://api.github.com/users/Andreya-Autumn
188,asimilon,https://api.github.com/users/asimilon
189,Kingston1,https://api.github.com/users/Kingston1
191,K0rrid0r,https://api.github.com/users/K0rrid0r
192,Alexander-Zyurkalov,https://api.github.com/users/Alexander-Zyurkalov
193,rghvdberg,https://api.github.com/users/rghvdberg
194,gnac,https://api.github.com/users/gnac
195,tejas1993,https://api.github.com/users/tejas1993
196,Xenakios,https://api.github.com/users/Xenakios
197,narenratan,https://api.github.com/users/narenratan
198,morganholly,https://api.github.com/users/morganholly
199,amyfurniss,https://api.github.com/users/amyfurniss
200,t-sin,https://api.github.com/users/t-sin
203,Squishy47,https://api.github.com/users/Squishy47
204,ffAudio,https://api.github.com/users/ffAudio
205,vallant,https://api.github.com/users/vallant
206,ffDaniel,https://api.github.com/users/ffDaniel
207,stephanvalentan,https://api.github.com/users/stephanvalentan
208,17cupsofcoffee,https://api.github.com/users/17cupsofcoffee
209,sainsay,https://api.github.com/users/sainsay
210,reales,https://api.github.com/users/reales
211,waddafunk,https://api.github.com/users/waddafunk
212,github-actions[bot],https://api.github.com/users/github-actions%5Bbot%5D
213,thezhe,https://api.github.com/users/thezhe
214,samuelebh,https://api.github.com/users/samuelebh
215,GabSpira,https://api.github.com/users/GabSpira
216,fillipp97,https://api.github.com/users/fillipp97
219,JoergBitzer,https://api.github.com/users/JoergBitzer
220,ptablas,https://api.github.com/users/ptablas
221,JosephTLyons,https://api.github.com/users/JosephTLyons
222,anandsshah,https://api.github.com/users/anandsshah
223,Lolitron-0,https://api.github.com/users/Lolitron-0
224,sharki13,https://api.github.com/users/sharki13
225,ales-tsurko,https://api.github.com/users/ales-tsurko
226,vihdzp,https://api.github.com/users/vihdzp
228,DamRsn,https://api.github.com/users/DamRsn
229,tiborvass,https://api.github.com/users/tiborvass
230,trirpi,https://api.github.com/users/trirpi
233,pfeeyatko,https://api.github.com/users/pfeeyatko
234,planaria,https://api.github.com/users/planaria
235,olilarkin,https://api.github.com/users/olilarkin
236,peterrudenko,https://api.github.com/users/peterrudenko
237,ryanpmcguire,https://api.github.com/users/ryanpmcguire
238,christofmuc,https://api.github.com/users/christofmuc
239,Ahornberg,https://api.github.com/users/Ahornberg
240,hfiguiere,https://api.github.com/users/hfiguiere
241,monkeywithacupcake,https://api.github.com/users/monkeywithacupcake
243,Wertzui123,https://api.github.com/users/Wertzui123
244,mariusz96,https://api.github.com/users/mariusz96
246,dependabot[bot],https://api.github.com/users/dependabot%5Bbot%5D
247,Juanmalopezg,https://api.github.com/users/Juanmalopezg
248,flafflar,https://api.github.com/users/flafflar
249,THMS-RA,https://api.github.com/users/THMS-RA
250,ThmsRa,https://api.github.com/users/ThmsRa
251,polarity,https://api.github.com/users/polarity
254,LensPlaysGames,https://api.github.com/users/LensPlaysGames
255,dragonsploder,https://api.github.com/users/dragonsploder
256,mmomentum,https://api.github.com/users/mmomentum
257,Adealeus,https://api.github.com/users/Adealeus
259,marclava,https://api.github.com/users/marclava
260,chris-hld,https://api.github.com/users/chris-hld
261,nmkahlen,https://api.github.com/users/nmkahlen
262,mtmccrea,https://api.github.com/users/mtmccrea
264,ahihi,https://api.github.com/users/ahihi
265,cvde,https://api.github.com/users/cvde
272,johncollinson2001,https://api.github.com/users/johncollinson2001
273,szkkng,https://api.github.com/users/szkkng
274,greatest-ape,https://api.github.com/users/greatest-ape
275,haszari,https://api.github.com/users/haszari
276,hsetlik,https://api.github.com/users/hsetlik
278,maoule,https://api.github.com/users/maoule
279,dmultiply,https://api.github.com/users/dmultiply
280,ddf,https://api.github.com/users/ddf
281,valsteen,https://api.github.com/users/valsteen
282,JacobACan,https://api.github.com/users/JacobACan
283,ntomassetti,https://api.github.com/users/ntomassetti
285,ChaseDurand,https://api.github.com/users/ChaseDurand
288,ypujante,https://api.github.com/users/ypujante
289,bubblefrog,https://api.github.com/users/bubblefrog
290,mightynerd,https://api.github.com/users/mightynerd
291,VirtualRaven,https://api.github.com/users/VirtualRaven
292,BunnyFiscuit,https://api.github.com/users/BunnyFiscuit
293,enlitengas,https://api.github.com/users/enlitengas
294,Bleakill,https://api.github.com/users/Bleakill
295,s-oram,https://api.github.com/users/s-oram
296,FigBug,https://api.github.com/users/FigBug
297,chrigervi,https://api.github.com/users/chrigervi
298,T0NIT0RMX,https://api.github.com/users/T0NIT0RMX
299,rorywalsh,https://api.github.com/users/rorywalsh
300,werman,https://api.github.com/users/werman
301,theglobe,https://api.github.com/users/theglobe
302,lkiesow,https://api.github.com/users/lkiesow
303,lawl,https://api.github.com/users/lawl
304,miyagui,https://api.github.com/users/miyagui
305,THS-on,https://api.github.com/users/THS-on
306,clefru,https://api.github.com/users/clefru
307,lnicola,https://api.github.com/users/lnicola
308,nozomimiyamori,https://api.github.com/users/nozomimiyamori
309,orowith2os,https://api.github.com/users/orowith2os
310,poettig,https://api.github.com/users/poettig
311,con-f-use,https://api.github.com/users/con-f-use
313,caleqw2,https://api.github.com/users/caleqw2
314,ajboni,https://api.github.com/users/ajboni
315,fpesari,https://api.github.com/users/fpesari
317,magnetophon,https://api.github.com/users/magnetophon
318,kant,https://api.github.com/users/kant
319,KaiMikkelsen,https://api.github.com/users/KaiMikkelsen
320,iv-m,https://api.github.com/users/iv-m
321,mwicat,https://api.github.com/users/mwicat
322,NeelKanth333,https://api.github.com/users/NeelKanth333
323,phoracek,https://api.github.com/users/phoracek
324,codesee-maps[bot],https://api.github.com/users/codesee-maps%5Bbot%5D
325,jthorborg,https://api.github.com/users/jthorborg
326,ABSounds,https://api.github.com/users/ABSounds
327,vvvar,https://api.github.com/users/vvvar
328,gregkare,https://api.github.com/users/gregkare
329,gregormcw,https://api.github.com/users/gregormcw
330,JohT,https://api.github.com/users/JohT
331,renovate[bot],https://api.github.com/users/renovate%5Bbot%5D
332,jerryuhoo,https://api.github.com/users/jerryuhoo
333,crowbait,https://api.github.com/users/crowbait
334,MikeMorenoDSP,https://api.github.com/users/MikeMorenoDSP
337,johanLsp,https://api.github.com/users/johanLsp
338,rm8x,https://api.github.com/users/rm8x
339,YeshiNamkhai,https://api.github.com/users/YeshiNamkhai
340,davemollen,https://api.github.com/users/davemollen
341,dmollen,https://api.github.com/users/dmollen
344,RBLG,https://api.github.com/users/RBLG
345,Archie3d,https://api.github.com/users/Archie3d
346,kmturley,https://api.github.com/users/kmturley
347,david6983,https://api.github.com/users/david6983
348,michaelwillis,https://api.github.com/users/michaelwillis
352,dvzrv,https://api.github.com/users/dvzrv
353,snd1,https://api.github.com/users/snd1
355,hannesbraun,https://api.github.com/users/hannesbraun
356,TimoSalomaki,https://api.github.com/users/TimoSalomaki
357,Zadagu,https://api.github.com/users/Zadagu
358,theGreatWhiteShark,https://api.github.com/users/theGreatWhiteShark
359,vertver,https://api.github.com/users/vertver
360,Cyril-Meyer,https://api.github.com/users/Cyril-Meyer
361,TheAvalanche,https://api.github.com/users/TheAvalanche
364,varlen,https://api.github.com/users/varlen
365,dchan3,https://api.github.com/users/dchan3
366,gamingrobot,https://api.github.com/users/gamingrobot
374,r-value,https://api.github.com/users/r-value
375,cpdt,https://api.github.com/users/cpdt
376,Fire-wood,https://api.github.com/users/Fire-wood
377,jwharrie,https://api.github.com/users/jwharrie
378,datajake1999,https://api.github.com/users/datajake1999
379,TheQuinbox,https://api.github.com/users/TheQuinbox
381,Spiffyk,https://api.github.com/users/Spiffyk
382,marekjedrzejewski,https://api.github.com/users/marekjedrzejewski
384,astra137,https://api.github.com/users/astra137
385,AnClark,https://api.github.com/users/AnClark
386,likelian,https://api.github.com/users/likelian
387,soerensen3,https://api.github.com/users/soerensen3
389,Emmet-Hayes,https://api.github.com/users/Emmet-Hayes
390,mpusch88,https://api.github.com/users/mpusch88
392,JanosGit,https://api.github.com/users/JanosGit
393,LGoodacre,https://api.github.com/users/LGoodacre
394,stfufane,https://api.github.com/users/stfufane
396,patriceguyot,https://api.github.com/users/patriceguyot
397,joshua-maros,https://api.github.com/users/joshua-maros
398,krmnn,https://api.github.com/users/krmnn
400,atsushieno,https://api.github.com/users/atsushieno
402,alexyer,https://api.github.com/users/alexyer
403,apohl79,https://api.github.com/users/apohl79
404,toasty-ghost,https://api.github.com/users/toasty-ghost
405,tgalpha,https://api.github.com/users/tgalpha
407,MeijisIrlnd,https://api.github.com/users/MeijisIrlnd
408,Husenap,https://api.github.com/users/Husenap
409,HarrisonBubbles,https://api.github.com/users/HarrisonBubbles
410,jessica-luo,https://api.github.com/users/jessica-luo
411,imchristina,https://api.github.com/users/imchristina
412,crsaracco,https://api.github.com/users/crsaracco
413,bartoszOsn,https://api.github.com/users/bartoszOsn
414,DBraun,https://api.github.com/users/DBraun
416,RickTaylor79,https://api.github.com/users/RickTaylor79
417,OlliV,https://api.github.com/users/OlliV
420,xyproto,https://api.github.com/users/xyproto
421,LeStahL,https://api.github.com/users/LeStahL
422,petersalomonsen,https://api.github.com/users/petersalomonsen
423,kebby,https://api.github.com/users/kebby
426,Firedude1,https://api.github.com/users/Firedude1
428,MichaelBokatius,https://api.github.com/users/MichaelBokatius
429,RickBn,https://api.github.com/users/RickBn
430,rehans,https://api.github.com/users/rehans
431,wolf-tickets,https://api.github.com/users/wolf-tickets
432,alxtim10,https://api.github.com/users/alxtim10
434,eulmour,https://api.github.com/users/eulmour
436,emanuelemessina,https://api.github.com/users/emanuelemessina
437,nberr,https://api.github.com/users/nberr
438,jcfischer,https://api.github.com/users/jcfischer
439,ashokfernandez,https://api.github.com/users/ashokfernandez
443,x42,https://api.github.com/users/x42
444,reidevries,https://api.github.com/users/reidevries
445,unfa,https://api.github.com/users/unfa
446,Flixor,https://api.github.com/users/Flixor
447,defuse,https://api.github.com/users/defuse
448,defrankland,https://api.github.com/users/defrankland
449,fredguest,https://api.github.com/users/fredguest
451,trummerschlunk,https://api.github.com/users/trummerschlunk
455,AlexW00,https://api.github.com/users/AlexW00
456,nickdowell,https://api.github.com/users/nickdowell
457,nixxcode,https://api.github.com/users/nixxcode
458,koernepr,https://api.github.com/users/koernepr
460,drobilla,https://api.github.com/users/drobilla
461,nobrakal,https://api.github.com/users/nobrakal
462,audetto,https://api.github.com/users/audetto
463,schnitzeltony,https://api.github.com/users/schnitzeltony
464,georgkrause,https://api.github.com/users/georgkrause
466,badshah400,https://api.github.com/users/badshah400
467,0mk,https://api.github.com/users/0mk
468,alessio,https://api.github.com/users/alessio
469,City-busz,https://api.github.com/users/City-busz
472,bgergely0,https://api.github.com/users/bgergely0
474,gwilherm,https://api.github.com/users/gwilherm
475,jesselang,https://api.github.com/users/jesselang
476,rikardfalkeborn,https://api.github.com/users/rikardfalkeborn
477,alarixnia,https://api.github.com/users/alarixnia
479,FilipeChagasDev,https://api.github.com/users/FilipeChagasDev
480,ChromaticIsobar,https://api.github.com/users/ChromaticIsobar
481,morukutsu,https://api.github.com/users/morukutsu
486,theuser27,https://api.github.com/users/theuser27
487,WeirdConstructor,https://api.github.com/users/WeirdConstructor
488,StunnedByMusic,https://api.github.com/users/StunnedByMusic
489,suzumushi0,https://api.github.com/users/suzumushi0
490,artfwo,https://api.github.com/users/artfwo
493,hwakimoto,https://api.github.com/users/hwakimoto
494,Mc-Zen,https://api.github.com/users/Mc-Zen
495,jokiesinger,https://api.github.com/users/jokiesinger
496,johannkipping,https://api.github.com/users/johannkipping
497,stez-mind,https://api.github.com/users/stez-mind
498,shdrmr,https://api.github.com/users/shdrmr
500,iamtakingithard,https://api.github.com/users/iamtakingithard
501,tobiashienzsch,https://api.github.com/users/tobiashienzsch
502,canokaue,https://api.github.com/users/canokaue
503,azur1s,https://api.github.com/users/azur1s
504,njazz,https://api.github.com/users/njazz
505,rickgiantsteps,https://api.github.com/users/rickgiantsteps
510,aliefhooghe,https://api.github.com/users/aliefhooghe
512,jonkerj,https://api.github.com/users/jonkerj
514,khrykin,https://api.github.com/users/khrykin
515,mdalepiane,https://api.github.com/users/mdalepiane
516,hotwatermorning,https://api.github.com/users/hotwatermorning
518,michael-truscott,https://api.github.com/users/michael-truscott
519,Mg32,https://api.github.com/users/Mg32
520,almostdefinitelycode,https://api.github.com/users/almostdefinitelycode
521,prof-spock,https://api.github.com/users/prof-spock
523,tparker48,https://api.github.com/users/tparker48
